<?xml version="1.0"?>
<!DOCTYPE concept  SYSTEM "technicalContent/dtd/concept.dtd">
<concept id="A"><title>DITA 1.3 Machinery Industry Proposals</title><shortdesc>Lorem ipsum dolor</shortdesc>
<conbody>
	<section>
		<title></title>
		<techdatalist>
			<techdata>
				<datatype>Operating pressure</datatype>
				<quantity>
					<quantitygroup>
						<quantityvalue systemofmeasurement="SI" quantityunitofmeasure="kg">481</quantityvalue>
					</quantitygroup>
				</quantity>
			</techdata>
			<techdata>
				<datatype>Rated Speed</datatype>
				<quantity>
					 <quantitygroup>
						<quantityvalue systemofmeasurement="SI" quantityunitofmeasure="1/min">2500></quantityvalue>
					</quantitygroup>
				</quantity>
			</techdata>
		</techdatalist>
	</section>
	<section>
		<title> for </title>
			<p>Playing with quantities and tolerances</p>
			<quantity>
				<quantitygroup>
					<quantityvalue systemofmeasurement="SI" quantityunitofmeasure="mm">25.4</quantityvalue>
					<quantityvalue systemofmeasurement="US" quantityunitofmeasure="in">1</quantityvalue>
					<quantitytolerance systemofmeasurement="SI" quantityunitofmeasure="mm" quantitytolerancetype="plusorminus">2</quantitytolerance>
					<quantitytolerance systemofmeasurement="US" quantityunitofmeasure="in" quantitytolerancetype="plusorminus">1/12</quantitytolerance> 
				</quantitygroup>
			</quantity>
	</section>
	</conbody></concept>
