<?xml version="1.0" encoding="UTF-8"?><!--             (C) Copyright OASIS Open 2005, 2010.              -->
    <!--             (C) Copyright IBM Corporation 2001, 2004.         -->
    <!--             All Rights Reserved.                              -->
    <!--                                                               -->
    <catalog xmlns="urn:oasis:names:tc:entity:xmlns:xml:catalog"><!-- Catalog for Dita XSDs -->
    <!-- It includes both SYSTEM and URI catalog declerations.  
       - The SYSTEM declarations are used by the Apache Catalog Resolver.
       - The URI declarations are the proper declerations as per the OASIS Entity 
       Resolution Committee.  They are included in case some entity resolves adhere
       to the spec to resolve the location of the schemas.
  -->
    

    <system systemId="topicMod.xsd" uri="topicMod.xsd" xml:base="base/xsd/"/>
    <system systemId="urn:oasis:names:tc:dita:xsd:topicMod.xsd" uri="topicMod.xsd" xml:base="base/xsd/"/>
    <system systemId="urn:oasis:names:tc:dita:xsd:topicMod.xsd:1.x" uri="topicMod.xsd" xml:base="base/xsd/"/>
    <system systemId="urn:oasis:names:tc:dita:xsd:topicMod.xsd:1.2" uri="topicMod.xsd" xml:base="base/xsd/"/>
    
    <system systemId="basetopic.xsd" uri="basetopic.xsd" xml:base="base/xsd/"/>
    <system systemId="urn:oasis:names:tc:dita:xsd:basetopic.xsd" uri="basetopic.xsd" xml:base="base/xsd/"/>
    <system systemId="urn:oasis:names:tc:dita:xsd:basetopic.xsd:1.x" uri="basetopic.xsd" xml:base="base/xsd/"/>
    <system systemId="urn:oasis:names:tc:dita:xsd:basetopic.xsd:1.2" uri="basetopic.xsd" xml:base="base/xsd/"/>
    
    <system systemId="topicGrp.xsd" uri="topicGrp.xsd" xml:base="base/xsd/"/>
    <system systemId="urn:oasis:names:tc:dita:xsd:topicGrp.xsd" uri="topicGrp.xsd" xml:base="base/xsd/"/>
    <system systemId="urn:oasis:names:tc:dita:xsd:topicGrp.xsd:1.x" uri="topicGrp.xsd" xml:base="base/xsd/"/>
    <system systemId="urn:oasis:names:tc:dita:xsd:topicGrp.xsd:1.2" uri="topicGrp.xsd" xml:base="base/xsd/"/>
    
    <system systemId="tblDeclMod.xsd" uri="tblDeclMod.xsd" xml:base="base/xsd/"/>
    <system systemId="urn:oasis:names:tc:dita:xsd:tblDeclMod.xsd" uri="tblDeclMod.xsd" xml:base="base/xsd/"/>
    <system systemId="urn:oasis:names:tc:dita:xsd:tblDeclMod.xsd:1.x" uri="tblDeclMod.xsd" xml:base="base/xsd/"/>
    <system systemId="urn:oasis:names:tc:dita:xsd:tblDeclMod.xsd:1.2" uri="tblDeclMod.xsd" xml:base="base/xsd/"/>
    
    <system systemId="tblDeclGrp.xsd" uri="tblDeclGrp.xsd" xml:base="base/xsd/"/>
    <system systemId="urn:oasis:names:tc:dita:xsd:tblDeclGrp.xsd" uri="tblDeclGrp.xsd" xml:base="base/xsd/"/>
    <system systemId="urn:oasis:names:tc:dita:xsd:tblDeclGrp.xsd:1.x" uri="tblDeclGrp.xsd" xml:base="base/xsd/"/>
    <system systemId="urn:oasis:names:tc:dita:xsd:tblDeclGrp.xsd:1.2" uri="tblDeclGrp.xsd" xml:base="base/xsd/"/>
   
    <system systemId="metaDeclMod.xsd" uri="metaDeclMod.xsd" xml:base="base/xsd/"/>
    <system systemId="urn:oasis:names:tc:dita:xsd:metaDeclMod.xsd" uri="metaDeclMod.xsd" xml:base="base/xsd/"/>
    <system systemId="urn:oasis:names:tc:dita:xsd:metaDeclMod.xsd:1.x" uri="metaDeclMod.xsd" xml:base="base/xsd/"/>
    <system systemId="urn:oasis:names:tc:dita:xsd:metaDeclMod.xsd:1.2" uri="metaDeclMod.xsd" xml:base="base/xsd/"/>
    
    <system systemId="metaDeclGrp.xsd" uri="metaDeclGrp.xsd" xml:base="base/xsd/"/>
    <system systemId="urn:oasis:names:tc:dita:xsd:metaDeclGrp.xsd" uri="metaDeclGrp.xsd" xml:base="base/xsd/"/>
    <system systemId="urn:oasis:names:tc:dita:xsd:metaDeclGrp.xsd:1.x" uri="metaDeclGrp.xsd" xml:base="base/xsd/"/>
    <system systemId="urn:oasis:names:tc:dita:xsd:metaDeclGrp.xsd:1.2" uri="metaDeclGrp.xsd" xml:base="base/xsd/"/>

    <system systemId="mapMod.xsd" uri="mapMod.xsd" xml:base="base/xsd/"/>
    <system systemId="urn:oasis:names:tc:dita:xsd:mapMod.xsd" uri="mapMod.xsd" xml:base="base/xsd/"/>
    <system systemId="urn:oasis:names:tc:dita:xsd:mapMod.xsd:1.x" uri="mapMod.xsd" xml:base="base/xsd/"/>
    <system systemId="urn:oasis:names:tc:dita:xsd:mapMod.xsd:1.2" uri="mapMod.xsd" xml:base="base/xsd/"/>
    
    <system systemId="basemap.xsd" uri="basemap.xsd" xml:base="base/xsd/"/>
    <system systemId="urn:oasis:names:tc:dita:xsd:basemap.xsd" uri="basemap.xsd" xml:base="base/xsd/"/>
    <system systemId="urn:oasis:names:tc:dita:xsd:basemap.xsd:1.x" uri="basemap.xsd" xml:base="base/xsd/"/>
    <system systemId="urn:oasis:names:tc:dita:xsd:basemap.xsd:1.2" uri="basemap.xsd" xml:base="base/xsd/"/>
    
    <system systemId="mapGrp.xsd" uri="mapGrp.xsd" xml:base="base/xsd/"/>
    <system systemId="urn:oasis:names:tc:dita:xsd:mapGrp.xsd" uri="mapGrp.xsd" xml:base="base/xsd/"/>
    <system systemId="urn:oasis:names:tc:dita:xsd:mapGrp.xsd:1.x" uri="mapGrp.xsd" xml:base="base/xsd/"/>
    <system systemId="urn:oasis:names:tc:dita:xsd:mapGrp.xsd:1.2" uri="mapGrp.xsd" xml:base="base/xsd/"/>
    
    <system systemId="mapGroupMod.xsd" uri="mapGroupMod.xsd" xml:base="base/xsd/"/>
    <system systemId="urn:oasis:names:tc:dita:xsd:mapGroupMod.xsd" uri="mapGroupMod.xsd" xml:base="base/xsd/"/>
    <system systemId="urn:oasis:names:tc:dita:xsd:mapGroupMod.xsd:1.x" uri="mapGroupMod.xsd" xml:base="base/xsd/"/>
    <system systemId="urn:oasis:names:tc:dita:xsd:mapGroupMod.xsd:1.2" uri="mapGroupMod.xsd" xml:base="base/xsd/"/>
    
    <system systemId="highlightDomain.xsd" uri="highlightDomain.xsd" xml:base="base/xsd/"/>
    <system systemId="urn:oasis:names:tc:dita:xsd:highlightDomain.xsd" uri="highlightDomain.xsd" xml:base="base/xsd/"/>
    <system systemId="urn:oasis:names:tc:dita:xsd:highlightDomain.xsd:1.x" uri="highlightDomain.xsd" xml:base="base/xsd/"/>
    <system systemId="urn:oasis:names:tc:dita:xsd:highlightDomain.xsd:1.2" uri="highlightDomain.xsd" xml:base="base/xsd/"/>
    
    <system systemId="utilitiesDomain.xsd" uri="utilitiesDomain.xsd" xml:base="base/xsd/"/>
    <system systemId="urn:oasis:names:tc:dita:xsd:utilitiesDomain.xsd" uri="utilitiesDomain.xsd" xml:base="base/xsd/"/>
    <system systemId="urn:oasis:names:tc:dita:xsd:utilitiesDomain.xsd:1.x" uri="utilitiesDomain.xsd" xml:base="base/xsd/"/>
    <system systemId="urn:oasis:names:tc:dita:xsd:utilitiesDomain.xsd:1.2" uri="utilitiesDomain.xsd" xml:base="base/xsd/"/>
    
    <system systemId="indexingDomain.xsd" uri="indexingDomain.xsd" xml:base="base/xsd/"/>
    <system systemId="urn:oasis:names:tc:dita:xsd:indexingDomain.xsd" uri="indexingDomain.xsd" xml:base="base/xsd/"/>
    <system systemId="urn:oasis:names:tc:dita:xsd:indexingDomain.xsd:1.x" uri="indexingDomain.xsd" xml:base="base/xsd/"/>
    <system systemId="urn:oasis:names:tc:dita:xsd:indexingDomain.xsd:1.2" uri="indexingDomain.xsd" xml:base="base/xsd/"/>
    
    <system systemId="hazardstatementDomain.xsd" uri="hazardstatementDomain.xsd" xml:base="base/xsd/"/>
    <system systemId="urn:oasis:names:tc:dita:xsd:hazardstatementDomain.xsd" uri="hazardstatementDomain.xsd" xml:base="base/xsd/"/>
    <system systemId="urn:oasis:names:tc:dita:xsd:hazardstatementDomain.xsd:1.x" uri="hazardstatementDomain.xsd" xml:base="base/xsd/"/>
    <system systemId="urn:oasis:names:tc:dita:xsd:hazardstatementDomain.xsd:1.2" uri="hazardstatementDomain.xsd" xml:base="base/xsd/"/>
    
    <system systemId="delayResolutionDomain.xsd" uri="delayResolutionDomain.xsd" xml:base="base/xsd/"/>
    <system systemId="urn:oasis:names:tc:dita:xsd:delayResolutionDomain.xsd" uri="delayResolutionDomain.xsd" xml:base="base/xsd/"/>
    <system systemId="urn:oasis:names:tc:dita:xsd:delayResolutionDomain.xsd:1.x" uri="delayResolutionDomain.xsd" xml:base="base/xsd/"/>
    <system systemId="urn:oasis:names:tc:dita:xsd:delayResolutionDomain.xsd:1.2" uri="delayResolutionDomain.xsd" xml:base="base/xsd/"/>

    <system systemId="ditaarch.xsd" uri="ditaarch.xsd" xml:base="base/xsd/"/>
    <system systemId="urn:oasis:names:tc:dita:xsd:ditaarch.xsd" uri="ditaarch.xsd" xml:base="base/xsd/"/>
    <system systemId="urn:oasis:names:tc:dita:xsd:ditaarch.xsd:1.x" uri="ditaarch.xsd" xml:base="base/xsd/"/>
    <system systemId="urn:oasis:names:tc:dita:xsd:ditaarch.xsd:1.2" uri="ditaarch.xsd" xml:base="base/xsd/"/>
    
    <system systemId="xml.xsd" uri="xml.xsd" xml:base="base/xsd/"/>
    <system systemId="urn:oasis:names:tc:dita:xsd:xml.xsd" uri="xml.xsd" xml:base="base/xsd/"/>
    <system systemId="urn:oasis:names:tc:dita:xsd:xml.xsd:1.x" uri="xml.xsd" xml:base="base/xsd/"/>
    <system systemId="urn:oasis:names:tc:dita:xsd:xml.xsd:1.2" uri="xml.xsd" xml:base="base/xsd/"/>

    <system systemId="commonElementMod.xsd" uri="commonElementMod.xsd" xml:base="base/xsd/"/>
    <system systemId="urn:oasis:names:tc:dita:xsd:commonElementMod.xsd" uri="commonElementMod.xsd" xml:base="base/xsd/"/>
    <system systemId="urn:oasis:names:tc:dita:xsd:commonElementMod.xsd:1.x" uri="commonElementMod.xsd" xml:base="base/xsd/"/>
    <system systemId="urn:oasis:names:tc:dita:xsd:commonElementMod.xsd:1.2" uri="commonElementMod.xsd" xml:base="base/xsd/"/>
    
    <system systemId="commonElementGrp.xsd" uri="commonElementGrp.xsd" xml:base="base/xsd/"/>
    <system systemId="urn:oasis:names:tc:dita:xsd:commonElementGrp.xsd" uri="commonElementGrp.xsd" xml:base="base/xsd/"/>
    <system systemId="urn:oasis:names:tc:dita:xsd:commonElementGrp.xsd:1.x" uri="commonElementGrp.xsd" xml:base="base/xsd/"/>
    <system systemId="urn:oasis:names:tc:dita:xsd:commonElementGrp.xsd:1.2" uri="commonElementGrp.xsd" xml:base="base/xsd/"/>
    
    <uri name="topicMod.xsd" uri="topicMod.xsd" xml:base="base/xsd/"/>
    <uri name="urn:oasis:names:tc:dita:xsd:topicMod.xsd" uri="topicMod.xsd" xml:base="base/xsd/"/>
    <uri name="urn:oasis:names:tc:dita:xsd:topicMod.xsd:1.x" uri="topicMod.xsd" xml:base="base/xsd/"/>
    <uri name="urn:oasis:names:tc:dita:xsd:topicMod.xsd:1.2" uri="topicMod.xsd" xml:base="base/xsd/"/>
    
    <uri name="basetopic.xsd" uri="basetopic.xsd" xml:base="base/xsd/"/>
    <uri name="urn:oasis:names:tc:dita:xsd:basetopic.xsd" uri="basetopic.xsd" xml:base="base/xsd/"/>
    <uri name="urn:oasis:names:tc:dita:xsd:basetopic.xsd:1.x" uri="basetopic.xsd" xml:base="base/xsd/"/>
    <uri name="urn:oasis:names:tc:dita:xsd:basetopic.xsd:1.2" uri="basetopic.xsd" xml:base="base/xsd/"/>
    
    <uri name="topicGrp.xsd" uri="topicGrp.xsd" xml:base="base/xsd/"/>
    <uri name="urn:oasis:names:tc:dita:xsd:topicGrp.xsd" uri="topicGrp.xsd" xml:base="base/xsd/"/>
    <uri name="urn:oasis:names:tc:dita:xsd:topicGrp.xsd:1.x" uri="topicGrp.xsd" xml:base="base/xsd/"/>
    <uri name="urn:oasis:names:tc:dita:xsd:topicGrp.xsd:1.2" uri="topicGrp.xsd" xml:base="base/xsd/"/>
    

    <uri name="tblDeclMod.xsd" uri="tblDeclMod.xsd" xml:base="base/xsd/"/>
    <uri name="urn:oasis:names:tc:dita:xsd:tblDeclMod.xsd" uri="tblDeclMod.xsd" xml:base="base/xsd/"/>
    <uri name="urn:oasis:names:tc:dita:xsd:tblDeclMod.xsd:1.x" uri="tblDeclMod.xsd" xml:base="base/xsd/"/>
    <uri name="urn:oasis:names:tc:dita:xsd:tblDeclMod.xsd:1.2" uri="tblDeclMod.xsd" xml:base="base/xsd/"/>
    
    <uri name="tblDeclGrp.xsd" uri="tblDeclGrp.xsd" xml:base="base/xsd/"/>
    <uri name="urn:oasis:names:tc:dita:xsd:tblDeclGrp.xsd" uri="tblDeclGrp.xsd" xml:base="base/xsd/"/>
    <uri name="urn:oasis:names:tc:dita:xsd:tblDeclGrp.xsd:1.x" uri="tblDeclGrp.xsd" xml:base="base/xsd/"/>
    <uri name="urn:oasis:names:tc:dita:xsd:tblDeclGrp.xsd:1.2" uri="tblDeclGrp.xsd" xml:base="base/xsd/"/>
    
    
    <uri name="metaDeclMod.xsd" uri="metaDeclMod.xsd" xml:base="base/xsd/"/>
    <uri name="urn:oasis:names:tc:dita:xsd:metaDeclMod.xsd" uri="metaDeclMod.xsd" xml:base="base/xsd/"/>
    <uri name="urn:oasis:names:tc:dita:xsd:metaDeclMod.xsd:1.x" uri="metaDeclMod.xsd" xml:base="base/xsd/"/>
    <uri name="urn:oasis:names:tc:dita:xsd:metaDeclMod.xsd:1.2" uri="metaDeclMod.xsd" xml:base="base/xsd/"/>
    
    <uri name="metaDeclGrp.xsd" uri="metaDeclGrp.xsd" xml:base="base/xsd/"/>
    <uri name="urn:oasis:names:tc:dita:xsd:metaDeclGrp.xsd" uri="metaDeclGrp.xsd" xml:base="base/xsd/"/>
    <uri name="urn:oasis:names:tc:dita:xsd:metaDeclGrp.xsd:1.x" uri="metaDeclGrp.xsd" xml:base="base/xsd/"/>
    <uri name="urn:oasis:names:tc:dita:xsd:metaDeclGrp.xsd:1.2" uri="metaDeclGrp.xsd" xml:base="base/xsd/"/>

    <uri name="mapMod.xsd" uri="mapMod.xsd" xml:base="base/xsd/"/>
    <uri name="urn:oasis:names:tc:dita:xsd:mapMod.xsd" uri="mapMod.xsd" xml:base="base/xsd/"/>
    <uri name="urn:oasis:names:tc:dita:xsd:mapMod.xsd:1.x" uri="mapMod.xsd" xml:base="base/xsd/"/>
    <uri name="urn:oasis:names:tc:dita:xsd:mapMod.xsd:1.2" uri="mapMod.xsd" xml:base="base/xsd/"/>
    
    <uri name="basemap.xsd" uri="basemap.xsd" xml:base="base/xsd/"/>
    <uri name="urn:oasis:names:tc:dita:xsd:basemap.xsd" uri="basemap.xsd" xml:base="base/xsd/"/>
    <uri name="urn:oasis:names:tc:dita:xsd:basemap.xsd:1.x" uri="basemap.xsd" xml:base="base/xsd/"/>
    <uri name="urn:oasis:names:tc:dita:xsd:basemap.xsd:1.2" uri="basemap.xsd" xml:base="base/xsd/"/>
    
    <uri name="mapGrp.xsd" uri="mapGrp.xsd" xml:base="base/xsd/"/>
    <uri name="urn:oasis:names:tc:dita:xsd:mapGrp.xsd" uri="mapGrp.xsd" xml:base="base/xsd/"/>
    <uri name="urn:oasis:names:tc:dita:xsd:mapGrp.xsd:1.x" uri="mapGrp.xsd" xml:base="base/xsd/"/>
    <uri name="urn:oasis:names:tc:dita:xsd:mapGrp.xsd:1.2" uri="mapGrp.xsd" xml:base="base/xsd/"/>
    
    <uri name="mapGroupMod.xsd" uri="mapGroupMod.xsd" xml:base="base/xsd/"/>
    <uri name="urn:oasis:names:tc:dita:xsd:mapGroupMod.xsd" uri="mapGroupMod.xsd" xml:base="base/xsd/"/>
    <uri name="urn:oasis:names:tc:dita:xsd:mapGroupMod.xsd:1.x" uri="mapGroupMod.xsd" xml:base="base/xsd/"/>
    <uri name="urn:oasis:names:tc:dita:xsd:mapGroupMod.xsd:1.2" uri="mapGroupMod.xsd" xml:base="base/xsd/"/>
    
    <uri name="highlightDomain.xsd" uri="highlightDomain.xsd" xml:base="base/xsd/"/>
    <uri name="urn:oasis:names:tc:dita:xsd:highlightDomain.xsd" uri="highlightDomain.xsd" xml:base="base/xsd/"/>
    <uri name="urn:oasis:names:tc:dita:xsd:highlightDomain.xsd:1.x" uri="highlightDomain.xsd" xml:base="base/xsd/"/>
    <uri name="urn:oasis:names:tc:dita:xsd:highlightDomain.xsd:1.2" uri="highlightDomain.xsd" xml:base="base/xsd/"/>
    
    <uri name="utilitiesDomain.xsd" uri="utilitiesDomain.xsd" xml:base="base/xsd/"/>
    <uri name="urn:oasis:names:tc:dita:xsd:utilitiesDomain.xsd" uri="utilitiesDomain.xsd" xml:base="base/xsd/"/>
    <uri name="urn:oasis:names:tc:dita:xsd:utilitiesDomain.xsd:1.x" uri="utilitiesDomain.xsd" xml:base="base/xsd/"/>
    <uri name="urn:oasis:names:tc:dita:xsd:utilitiesDomain.xsd:1.2" uri="utilitiesDomain.xsd" xml:base="base/xsd/"/>
    
    <uri name="indexingDomain.xsd" uri="indexingDomain.xsd" xml:base="base/xsd/"/>
    <uri name="urn:oasis:names:tc:dita:xsd:indexingDomain.xsd" uri="indexingDomain.xsd" xml:base="base/xsd/"/>
    <uri name="urn:oasis:names:tc:dita:xsd:indexingDomain.xsd:1.x" uri="indexingDomain.xsd" xml:base="base/xsd/"/>
    <uri name="urn:oasis:names:tc:dita:xsd:indexingDomain.xsd:1.2" uri="indexingDomain.xsd" xml:base="base/xsd/"/>
    
    <uri name="hazardstatementDomain.xsd" uri="hazardstatementDomain.xsd" xml:base="base/xsd/"/>
    <uri name="urn:oasis:names:tc:dita:xsd:hazardstatementDomain.xsd" uri="hazardstatementDomain.xsd" xml:base="base/xsd/"/>
    <uri name="urn:oasis:names:tc:dita:xsd:hazardstatementDomain.xsd:1.x" uri="hazardstatementDomain.xsd" xml:base="base/xsd/"/>
    <uri name="urn:oasis:names:tc:dita:xsd:hazardstatementDomain.xsd:1.2" uri="hazardstatementDomain.xsd" xml:base="base/xsd/"/>
    
    <uri name="delayResolutionDomain.xsd" uri="delayResolutionDomain.xsd" xml:base="base/xsd/"/>
    <uri name="urn:oasis:names:tc:dita:xsd:delayResolutionDomain.xsd" uri="delayResolutionDomain.xsd" xml:base="base/xsd/"/>
    <uri name="urn:oasis:names:tc:dita:xsd:delayResolutionDomain.xsd:1.x" uri="delayResolutionDomain.xsd" xml:base="base/xsd/"/>
    <uri name="urn:oasis:names:tc:dita:xsd:delayResolutionDomain.xsd:1.2" uri="delayResolutionDomain.xsd" xml:base="base/xsd/"/>

    <uri name="ditaarch.xsd" uri="ditaarch.xsd" xml:base="base/xsd/"/>
    <uri name="urn:oasis:names:tc:dita:xsd:ditaarch.xsd" uri="ditaarch.xsd" xml:base="base/xsd/"/>
    <uri name="urn:oasis:names:tc:dita:xsd:ditaarch.xsd:1.x" uri="ditaarch.xsd" xml:base="base/xsd/"/>
    <uri name="urn:oasis:names:tc:dita:xsd:ditaarch.xsd:1.2" uri="ditaarch.xsd" xml:base="base/xsd/"/>
    
    <uri name="xml.xsd" uri="xml.xsd" xml:base="base/xsd/"/>
    <uri name="urn:oasis:names:tc:dita:xsd:xml.xsd" uri="xml.xsd" xml:base="base/xsd/"/>
    <uri name="urn:oasis:names:tc:dita:xsd:xml.xsd:1.x" uri="xml.xsd" xml:base="base/xsd/"/>
    <uri name="urn:oasis:names:tc:dita:xsd:xml.xsd:1.2" uri="xml.xsd" xml:base="base/xsd/"/>

    <uri name="commonElementMod.xsd" uri="commonElementMod.xsd" xml:base="base/xsd/"/>
    <uri name="urn:oasis:names:tc:dita:xsd:commonElementMod.xsd" uri="commonElementMod.xsd" xml:base="base/xsd/"/>
    <uri name="urn:oasis:names:tc:dita:xsd:commonElementMod.xsd:1.x" uri="commonElementMod.xsd" xml:base="base/xsd/"/>
    <uri name="urn:oasis:names:tc:dita:xsd:commonElementMod.xsd:1.2" uri="commonElementMod.xsd" xml:base="base/xsd/"/>
    
    <uri name="commonElementGrp.xsd" uri="commonElementGrp.xsd" xml:base="base/xsd/"/>
    <uri name="urn:oasis:names:tc:dita:xsd:commonElementGrp.xsd" uri="commonElementGrp.xsd" xml:base="base/xsd/"/>
    <uri name="urn:oasis:names:tc:dita:xsd:commonElementGrp.xsd:1.x" uri="commonElementGrp.xsd" xml:base="base/xsd/"/>
    <uri name="urn:oasis:names:tc:dita:xsd:commonElementGrp.xsd:1.2" uri="commonElementGrp.xsd" xml:base="base/xsd/"/>

  <!-- Document types and modules used by the Technical Content package -->
    

     <!-- Topic for use in the technical content package -->
    
    <system systemId="topic.xsd" uri="topic.xsd" xml:base="technicalContent/xsd/"/>
    <system systemId="urn:oasis:names:tc:dita:xsd:topic.xsd" uri="topic.xsd" xml:base="technicalContent/xsd/"/>
    <system systemId="urn:oasis:names:tc:dita:xsd:topic.xsd:1.x" uri="topic.xsd" xml:base="technicalContent/xsd/"/>
    <system systemId="urn:oasis:names:tc:dita:xsd:topic.xsd:1.2" uri="topic.xsd" xml:base="technicalContent/xsd/"/>
    
    <!-- Map for use in the technical content package -->
    
    <system systemId="map.xsd" uri="map.xsd" xml:base="technicalContent/xsd/"/>
    <system systemId="urn:oasis:names:tc:dita:xsd:map.xsd" uri="map.xsd" xml:base="technicalContent/xsd/"/>
    <system systemId="urn:oasis:names:tc:dita:xsd:map.xsd:1.x" uri="map.xsd" xml:base="technicalContent/xsd/"/>
    <system systemId="urn:oasis:names:tc:dita:xsd:map.xsd:1.2" uri="map.xsd" xml:base="technicalContent/xsd/"/>
    
    <system systemId="ditabase.xsd" uri="ditabase.xsd" xml:base="technicalContent/xsd/"/>
    <system systemId="urn:oasis:names:tc:dita:xsd:ditabase.xsd" uri="ditabase.xsd" xml:base="technicalContent/xsd/"/>
    <system systemId="urn:oasis:names:tc:dita:xsd:ditabase.xsd:1.x" uri="ditabase.xsd" xml:base="technicalContent/xsd/"/>
    <system systemId="urn:oasis:names:tc:dita:xsd:ditabase.xsd:1.2" uri="ditabase.xsd" xml:base="technicalContent/xsd/"/>
    
    <system systemId="ditabaseMod.xsd" uri="ditabaseMod.xsd" xml:base="technicalContent/xsd/"/>
    <system systemId="urn:oasis:names:tc:dita:xsd:ditabaseMod.xsd" uri="ditabaseMod.xsd" xml:base="technicalContent/xsd/"/>
    <system systemId="urn:oasis:names:tc:dita:xsd:ditabaseMod.xsd:1.x" uri="ditabaseMod.xsd" xml:base="technicalContent/xsd/"/>
    <system systemId="urn:oasis:names:tc:dita:xsd:ditabaseMod.xsd:1.2" uri="ditabaseMod.xsd" xml:base="technicalContent/xsd/"/>

    <system systemId="concept.xsd" uri="concept.xsd" xml:base="technicalContent/xsd/"/>
    <system systemId="urn:oasis:names:tc:dita:xsd:concept.xsd" uri="concept.xsd" xml:base="technicalContent/xsd/"/>
    <system systemId="urn:oasis:names:tc:dita:xsd:concept.xsd:1.x" uri="concept.xsd" xml:base="technicalContent/xsd/"/>
    <system systemId="urn:oasis:names:tc:dita:xsd:concept.xsd:1.2" uri="concept.xsd" xml:base="technicalContent/xsd/"/>
    
    <system systemId="conceptMod.xsd" uri="conceptMod.xsd" xml:base="technicalContent/xsd/"/>
    <system systemId="urn:oasis:names:tc:dita:xsd:conceptMod.xsd" uri="conceptMod.xsd" xml:base="technicalContent/xsd/"/>
    <system systemId="urn:oasis:names:tc:dita:xsd:conceptMod.xsd:1.x" uri="conceptMod.xsd" xml:base="technicalContent/xsd/"/>
    <system systemId="urn:oasis:names:tc:dita:xsd:conceptMod.xsd:1.2" uri="conceptMod.xsd" xml:base="technicalContent/xsd/"/>
    
    <system systemId="conceptGrp.xsd" uri="conceptGrp.xsd" xml:base="technicalContent/xsd/"/>
    <system systemId="urn:oasis:names:tc:dita:xsd:conceptGrp.xsd" uri="conceptGrp.xsd" xml:base="technicalContent/xsd/"/>
    <system systemId="urn:oasis:names:tc:dita:xsd:conceptGrp.xsd:1.x" uri="conceptGrp.xsd" xml:base="technicalContent/xsd/"/>
    <system systemId="urn:oasis:names:tc:dita:xsd:conceptGrp.xsd:1.2" uri="conceptGrp.xsd" xml:base="technicalContent/xsd/"/>

    <system systemId="reference.xsd" uri="reference.xsd" xml:base="technicalContent/xsd/"/>
    <system systemId="urn:oasis:names:tc:dita:xsd:reference.xsd" uri="reference.xsd" xml:base="technicalContent/xsd/"/>
    <system systemId="urn:oasis:names:tc:dita:xsd:reference.xsd:1.x" uri="reference.xsd" xml:base="technicalContent/xsd/"/>
    <system systemId="urn:oasis:names:tc:dita:xsd:reference.xsd:1.2" uri="reference.xsd" xml:base="technicalContent/xsd/"/>
    
    <system systemId="referenceMod.xsd" uri="referenceMod.xsd" xml:base="technicalContent/xsd/"/>
    <system systemId="urn:oasis:names:tc:dita:xsd:referenceMod.xsd" uri="referenceMod.xsd" xml:base="technicalContent/xsd/"/>
    <system systemId="urn:oasis:names:tc:dita:xsd:referenceMod.xsd:1.x" uri="referenceMod.xsd" xml:base="technicalContent/xsd/"/>
    <system systemId="urn:oasis:names:tc:dita:xsd:referenceMod.xsd:1.2" uri="referenceMod.xsd" xml:base="technicalContent/xsd/"/>
    
    <system systemId="referenceGrp.xsd" uri="referenceGrp.xsd" xml:base="technicalContent/xsd/"/>
    <system systemId="urn:oasis:names:tc:dita:xsd:referenceGrp.xsd" uri="referenceGrp.xsd" xml:base="technicalContent/xsd/"/>
    <system systemId="urn:oasis:names:tc:dita:xsd:referenceGrp.xsd:1.x" uri="referenceGrp.xsd" xml:base="technicalContent/xsd/"/>
    <system systemId="urn:oasis:names:tc:dita:xsd:referenceGrp.xsd:1.2" uri="referenceGrp.xsd" xml:base="technicalContent/xsd/"/>

    <system systemId="task.xsd" uri="task.xsd" xml:base="technicalContent/xsd/"/>
    <system systemId="urn:oasis:names:tc:dita:xsd:task.xsd" uri="task.xsd" xml:base="technicalContent/xsd/"/>
    <system systemId="urn:oasis:names:tc:dita:xsd:task.xsd:1.x" uri="task.xsd" xml:base="technicalContent/xsd/"/>
    <system systemId="urn:oasis:names:tc:dita:xsd:task.xsd:1.2" uri="task.xsd" xml:base="technicalContent/xsd/"/>
    
    <system systemId="generalTask.xsd" uri="generalTask.xsd" xml:base="technicalContent/xsd/"/>
    <system systemId="urn:oasis:names:tc:dita:xsd:generalTask.xsd" uri="generalTask.xsd" xml:base="technicalContent/xsd/"/>
    <system systemId="urn:oasis:names:tc:dita:xsd:generalTask.xsd:1.x" uri="generalTask.xsd" xml:base="technicalContent/xsd/"/>
    <system systemId="urn:oasis:names:tc:dita:xsd:generalTask.xsd:1.2" uri="generalTask.xsd" xml:base="technicalContent/xsd/"/>
    
    <system systemId="taskMod.xsd" uri="taskMod.xsd" xml:base="technicalContent/xsd/"/>
    <system systemId="urn:oasis:names:tc:dita:xsd:taskMod.xsd" uri="taskMod.xsd" xml:base="technicalContent/xsd/"/>
    <system systemId="urn:oasis:names:tc:dita:xsd:taskMod.xsd:1.x" uri="taskMod.xsd" xml:base="technicalContent/xsd/"/>
    <system systemId="urn:oasis:names:tc:dita:xsd:taskMod.xsd:1.2" uri="taskMod.xsd" xml:base="technicalContent/xsd/"/>
    
    <system systemId="strictTaskbodyConstraintMod.xsd" uri="strictTaskbodyConstraintMod.xsd" xml:base="technicalContent/xsd/"/>
    <system systemId="urn:oasis:names:tc:dita:xsd:strictTaskbodyConstraintMod.xsd" uri="strictTaskbodyConstraintMod.xsd" xml:base="technicalContent/xsd/"/>
    <system systemId="urn:oasis:names:tc:dita:xsd:strictTaskbodyConstraintMod.xsd:1.x" uri="strictTaskbodyConstraintMod.xsd" xml:base="technicalContent/xsd/"/>
    <system systemId="urn:oasis:names:tc:dita:xsd:strictTaskbodyConstraintMod.xsd:1.2" uri="strictTaskbodyConstraintMod.xsd" xml:base="technicalContent/xsd/"/>
    
    <system systemId="taskGrp.xsd" uri="taskGrp.xsd" xml:base="technicalContent/xsd/"/>
    <system systemId="urn:oasis:names:tc:dita:xsd:taskGrp.xsd" uri="taskGrp.xsd" xml:base="technicalContent/xsd/"/>
    <system systemId="urn:oasis:names:tc:dita:xsd:taskGrp.xsd:1.x" uri="taskGrp.xsd" xml:base="technicalContent/xsd/"/>
    <system systemId="urn:oasis:names:tc:dita:xsd:taskGrp.xsd:1.2" uri="taskGrp.xsd" xml:base="technicalContent/xsd/"/>

    <system systemId="glossary.xsd" uri="glossary.xsd" xml:base="technicalContent/xsd/"/>
    <system systemId="urn:oasis:names:tc:dita:xsd:glossary.xsd" uri="glossary.xsd" xml:base="technicalContent/xsd/"/>
     <system systemId="urn:oasis:names:tc:dita:xsd:glossary.xsd:1.x" uri="glossary.xsd" xml:base="technicalContent/xsd/"/>
    <system systemId="urn:oasis:names:tc:dita:xsd:glossary.xsd:1.2" uri="glossary.xsd" xml:base="technicalContent/xsd/"/>
    
    <system systemId="glossaryMod.xsd" uri="glossaryMod.xsd" xml:base="technicalContent/xsd/"/>
    <system systemId="urn:oasis:names:tc:dita:xsd:glossaryMod.xsd" uri="glossaryMod.xsd" xml:base="technicalContent/xsd/"/>
    <system systemId="urn:oasis:names:tc:dita:xsd:glossaryMod.xsd:1.x" uri="glossaryMod.xsd" xml:base="technicalContent/xsd/"/>
    <system systemId="urn:oasis:names:tc:dita:xsd:glossaryMod.xsd:1.2" uri="glossaryMod.xsd" xml:base="technicalContent/xsd/"/>
    
    <system systemId="glossaryGrp.xsd" uri="glossaryGrp.xsd" xml:base="technicalContent/xsd/"/>
    <system systemId="urn:oasis:names:tc:dita:xsd:glossaryGrp.xsd" uri="glossaryGrp.xsd" xml:base="technicalContent/xsd/"/>
    <system systemId="urn:oasis:names:tc:dita:xsd:glossaryGrp.xsd:1.x" uri="glossaryGrp.xsd" xml:base="technicalContent/xsd/"/>
    <system systemId="urn:oasis:names:tc:dita:xsd:glossaryGrp.xsd:1.2" uri="glossaryGrp.xsd" xml:base="technicalContent/xsd/"/>
    
    <system systemId="glossentry.xsd" uri="glossentry.xsd" xml:base="technicalContent/xsd/"/>
    <system systemId="urn:oasis:names:tc:dita:xsd:glossentry.xsd" uri="glossentry.xsd" xml:base="technicalContent/xsd/"/>
    <system systemId="urn:oasis:names:tc:dita:xsd:glossentry.xsd:1.x" uri="glossentry.xsd" xml:base="technicalContent/xsd/"/>
    <system systemId="urn:oasis:names:tc:dita:xsd:glossentry.xsd:1.2" uri="glossentry.xsd" xml:base="technicalContent/xsd/"/>
    
    <system systemId="glossentryMod.xsd" uri="glossentryMod.xsd" xml:base="technicalContent/xsd/"/>
    <system systemId="urn:oasis:names:tc:dita:xsd:glossentryMod.xsd" uri="glossentryMod.xsd" xml:base="technicalContent/xsd/"/>
    <system systemId="urn:oasis:names:tc:dita:xsd:glossentryMod.xsd:1.x" uri="glossentryMod.xsd" xml:base="technicalContent/xsd/"/>
    <system systemId="urn:oasis:names:tc:dita:xsd:glossentryMod.xsd:1.2" uri="glossentryMod.xsd" xml:base="technicalContent/xsd/"/>
    
    <system systemId="glossentryGrp.xsd" uri="glossentryGrp.xsd" xml:base="technicalContent/xsd/"/>
    <system systemId="urn:oasis:names:tc:dita:xsd:glossentryGrp.xsd" uri="glossentryGrp.xsd" xml:base="technicalContent/xsd/"/>
    <system systemId="urn:oasis:names:tc:dita:xsd:glossentryGrp.xsd:1.x" uri="glossentryGrp.xsd" xml:base="technicalContent/xsd/"/>
    <system systemId="urn:oasis:names:tc:dita:xsd:glossentryGrp.xsd:1.2" uri="glossentryGrp.xsd" xml:base="technicalContent/xsd/"/>


    <system systemId="glossarygroup.xsd" uri="glossgroup.xsd" xml:base="technicalContent/xsd/"/>
    <system systemId="urn:oasis:names:tc:dita:xsd:glossarygroup.xsd" uri="glossgroup.xsd" xml:base="technicalContent/xsd/"/>
    <system systemId="urn:oasis:names:tc:dita:xsd:glossarygroup.xsd:1.x" uri="glossgroup.xsd" xml:base="technicalContent/xsd/"/>
    <system systemId="urn:oasis:names:tc:dita:xsd:glossarygroup.xsd:1.2" uri="glossgroup.xsd" xml:base="technicalContent/xsd/"/>
    
    <system systemId="glossgroupMod.xsd" uri="glossgroupMod.xsd" xml:base="technicalContent/xsd/"/>
    <system systemId="urn:oasis:names:tc:dita:xsd:glossgroupMod.xsd" uri="glossgroupMod.xsd" xml:base="technicalContent/xsd/"/>
    <system systemId="urn:oasis:names:tc:dita:xsd:glossgroupMod.xsd:1.x" uri="glossgroupMod.xsd" xml:base="technicalContent/xsd/"/>
    <system systemId="urn:oasis:names:tc:dita:xsd:glossgroupMod.xsd:1.2" uri="glossgroupMod.xsd" xml:base="technicalContent/xsd/"/>
    
    <system systemId="glossgroupGrp.xsd" uri="glossgroupGrp.xsd" xml:base="technicalContent/xsd/"/>
    <system systemId="urn:oasis:names:tc:dita:xsd:glossgroupGrp.xsd" uri="glossgroupGrp.xsd" xml:base="technicalContent/xsd/"/>
    <system systemId="urn:oasis:names:tc:dita:xsd:glossgroupGrp.xsd:1.x" uri="glossgroupGrp.xsd" xml:base="technicalContent/xsd/"/>
    <system systemId="urn:oasis:names:tc:dita:xsd:glossgroupGrp.xsd:1.2" uri="glossgroupGrp.xsd" xml:base="technicalContent/xsd/"/>


    <system systemId="softwareDomain.xsd" uri="softwareDomain.xsd" xml:base="technicalContent/xsd/"/>
    <system systemId="urn:oasis:names:tc:dita:xsd:softwareDomain.xsd" uri="softwareDomain.xsd" xml:base="technicalContent/xsd/"/>
    <system systemId="urn:oasis:names:tc:dita:xsd:softwareDomain.xsd:1.x" uri="softwareDomain.xsd" xml:base="technicalContent/xsd/"/>
    <system systemId="urn:oasis:names:tc:dita:xsd:softwareDomain.xsd:1.2" uri="softwareDomain.xsd" xml:base="technicalContent/xsd/"/>
    
    <system systemId="programmingDomain.xsd" uri="programmingDomain.xsd" xml:base="technicalContent/xsd/"/>
    <system systemId="urn:oasis:names:tc:dita:xsd:programmingDomain.xsd" uri="programmingDomain.xsd" xml:base="technicalContent/xsd/"/>
    <system systemId="urn:oasis:names:tc:dita:xsd:programmingDomain.xsd:1.x" uri="programmingDomain.xsd" xml:base="technicalContent/xsd/"/>
    <system systemId="urn:oasis:names:tc:dita:xsd:programmingDomain.xsd:1.2" uri="programmingDomain.xsd" xml:base="technicalContent/xsd/"/>
    
    <system systemId="uiDomain.xsd" uri="uiDomain.xsd" xml:base="technicalContent/xsd/"/>
    <system systemId="urn:oasis:names:tc:dita:xsd:uiDomain.xsd" uri="uiDomain.xsd" xml:base="technicalContent/xsd/"/>
    <system systemId="urn:oasis:names:tc:dita:xsd:uiDomain.xsd:1.x" uri="uiDomain.xsd" xml:base="technicalContent/xsd/"/>
    <system systemId="urn:oasis:names:tc:dita:xsd:uiDomain.xsd:1.2" uri="uiDomain.xsd" xml:base="technicalContent/xsd/"/>
    
    <system systemId="glossrefDomain.xsd" uri="glossrefDomain.xsd" xml:base="technicalContent/xsd/"/>
    <system systemId="urn:oasis:names:tc:dita:xsd:glossrefDomain.xsd" uri="glossrefDomain.xsd" xml:base="technicalContent/xsd/"/>
    <system systemId="urn:oasis:names:tc:dita:xsd:glossrefDomain.xsd:1.x" uri="glossrefDomain.xsd" xml:base="technicalContent/xsd/"/>
    <system systemId="urn:oasis:names:tc:dita:xsd:glossrefDomain.xsd:1.2" uri="glossrefDomain.xsd" xml:base="technicalContent/xsd/"/>
    
    <system systemId="abbreviateDomain.xsd" uri="abbreviateDomain.xsd" xml:base="technicalContent/xsd/"/>
    <system systemId="urn:oasis:names:tc:dita:xsd:abbreviateDomain.xsd" uri="abbreviateDomain.xsd" xml:base="technicalContent/xsd/"/>
    <system systemId="urn:oasis:names:tc:dita:xsd:abbreviateDomain.xsd:1.x" uri="abbreviateDomain.xsd" xml:base="technicalContent/xsd/"/>
    <system systemId="urn:oasis:names:tc:dita:xsd:abbreviateDomain.xsd:1.2" uri="abbreviateDomain.xsd" xml:base="technicalContent/xsd/"/>
    
    <system systemId="taskreqDomain.xsd" uri="taskreqDomain.xsd" xml:base="technicalContent/xsd/"/>
    <system systemId="urn:oasis:names:tc:dita:xsd:taskreqDomain.xsd" uri="taskreqDomain.xsd" xml:base="technicalContent/xsd/"/>
    <system systemId="urn:oasis:names:tc:dita:xsd:taskreqDomain.xsd:1.x" uri="taskreqDomain.xsd" xml:base="technicalContent/xsd/"/>
    <system systemId="urn:oasis:names:tc:dita:xsd:taskreqDomain.xsd:1.2" uri="taskreqDomain.xsd" xml:base="technicalContent/xsd/"/>
    
    
    <uri name="topic.xsd" uri="topic.xsd" xml:base="technicalContent/xsd/"/>
    <uri name="urn:oasis:names:tc:dita:xsd:topic.xsd" uri="topic.xsd" xml:base="technicalContent/xsd/"/>
    <uri name="urn:oasis:names:tc:dita:xsd:topic.xsd:1.x" uri="topic.xsd" xml:base="technicalContent/xsd/"/>
    <uri name="urn:oasis:names:tc:dita:xsd:topic.xsd:1.2" uri="topic.xsd" xml:base="technicalContent/xsd/"/>
    
    <uri name="map.xsd" uri="map.xsd" xml:base="technicalContent/xsd/"/>
    <uri name="urn:oasis:names:tc:dita:xsd:map.xsd" uri="map.xsd" xml:base="technicalContent/xsd/"/>
    <uri name="urn:oasis:names:tc:dita:xsd:map.xsd:1.x" uri="map.xsd" xml:base="technicalContent/xsd/"/>
    <uri name="urn:oasis:names:tc:dita:xsd:map.xsd:1.2" uri="map.xsd" xml:base="technicalContent/xsd/"/>
    
    <uri name="ditabase.xsd" uri="ditabase.xsd" xml:base="technicalContent/xsd/"/>
    <uri name="urn:oasis:names:tc:dita:xsd:ditabase.xsd" uri="ditabase.xsd" xml:base="technicalContent/xsd/"/>
    <uri name="urn:oasis:names:tc:dita:xsd:ditabase.xsd:1.x" uri="ditabase.xsd" xml:base="technicalContent/xsd/"/>
    <uri name="urn:oasis:names:tc:dita:xsd:ditabase.xsd:1.2" uri="ditabase.xsd" xml:base="technicalContent/xsd/"/>
    
    <uri name="ditabaseMod.xsd" uri="ditabaseMod.xsd" xml:base="technicalContent/xsd/"/>
    <uri name="urn:oasis:names:tc:dita:xsd:ditabaseMod.xsd" uri="ditabaseMod.xsd" xml:base="technicalContent/xsd/"/>
    <uri name="urn:oasis:names:tc:dita:xsd:ditabaseMod.xsd:1.x" uri="ditabaseMod.xsd" xml:base="technicalContent/xsd/"/>
    <uri name="urn:oasis:names:tc:dita:xsd:ditabaseMod.xsd:1.2" uri="ditabaseMod.xsd" xml:base="technicalContent/xsd/"/>

    <uri name="concept.xsd" uri="concept.xsd" xml:base="technicalContent/xsd/"/>
    <uri name="urn:oasis:names:tc:dita:xsd:concept.xsd" uri="concept.xsd" xml:base="technicalContent/xsd/"/>
    <uri name="urn:oasis:names:tc:dita:xsd:concept.xsd:1.x" uri="concept.xsd" xml:base="technicalContent/xsd/"/>
    <uri name="urn:oasis:names:tc:dita:xsd:concept.xsd:1.2" uri="concept.xsd" xml:base="technicalContent/xsd/"/>
    
    <uri name="conceptMod.xsd" uri="conceptMod.xsd" xml:base="technicalContent/xsd/"/>
    <uri name="urn:oasis:names:tc:dita:xsd:conceptMod.xsd" uri="conceptMod.xsd" xml:base="technicalContent/xsd/"/>
    <uri name="urn:oasis:names:tc:dita:xsd:conceptMod.xsd:1.x" uri="conceptMod.xsd" xml:base="technicalContent/xsd/"/>
    <uri name="urn:oasis:names:tc:dita:xsd:conceptMod.xsd:1.2" uri="conceptMod.xsd" xml:base="technicalContent/xsd/"/>
    
    <uri name="conceptGrp.xsd" uri="conceptGrp.xsd" xml:base="technicalContent/xsd/"/>
    <uri name="urn:oasis:names:tc:dita:xsd:conceptGrp.xsd" uri="conceptGrp.xsd" xml:base="technicalContent/xsd/"/>
    <uri name="urn:oasis:names:tc:dita:xsd:conceptGrp.xsd:1.x" uri="conceptGrp.xsd" xml:base="technicalContent/xsd/"/>
    <uri name="urn:oasis:names:tc:dita:xsd:conceptGrp.xsd:1.2" uri="conceptGrp.xsd" xml:base="technicalContent/xsd/"/>

    <uri name="reference.xsd" uri="reference.xsd" xml:base="technicalContent/xsd/"/>
    <uri name="urn:oasis:names:tc:dita:xsd:reference.xsd" uri="reference.xsd" xml:base="technicalContent/xsd/"/>
    <uri name="urn:oasis:names:tc:dita:xsd:reference.xsd:1.x" uri="reference.xsd" xml:base="technicalContent/xsd/"/>
    <uri name="urn:oasis:names:tc:dita:xsd:reference.xsd:1.2" uri="reference.xsd" xml:base="technicalContent/xsd/"/>
    
    <uri name="referenceMod.xsd" uri="referenceMod.xsd" xml:base="technicalContent/xsd/"/>
    <uri name="urn:oasis:names:tc:dita:xsd:referenceMod.xsd" uri="referenceMod.xsd" xml:base="technicalContent/xsd/"/>
    <uri name="urn:oasis:names:tc:dita:xsd:referenceMod.xsd:1.x" uri="referenceMod.xsd" xml:base="technicalContent/xsd/"/>
    <uri name="urn:oasis:names:tc:dita:xsd:referenceMod.xsd:1.2" uri="referenceMod.xsd" xml:base="technicalContent/xsd/"/>
    
    <uri name="referenceGrp.xsd" uri="referenceGrp.xsd" xml:base="technicalContent/xsd/"/>
    <uri name="urn:oasis:names:tc:dita:xsd:referenceGrp.xsd" uri="referenceGrp.xsd" xml:base="technicalContent/xsd/"/>
    <uri name="urn:oasis:names:tc:dita:xsd:referenceGrp.xsd:1.x" uri="referenceGrp.xsd" xml:base="technicalContent/xsd/"/>
    <uri name="urn:oasis:names:tc:dita:xsd:referenceGrp.xsd:1.2" uri="referenceGrp.xsd" xml:base="technicalContent/xsd/"/>

    <uri name="task.xsd" uri="task.xsd" xml:base="technicalContent/xsd/"/>
    <uri name="urn:oasis:names:tc:dita:xsd:task.xsd" uri="task.xsd" xml:base="technicalContent/xsd/"/>
    <uri name="urn:oasis:names:tc:dita:xsd:task.xsd:1.x" uri="task.xsd" xml:base="technicalContent/xsd/"/>
    <uri name="urn:oasis:names:tc:dita:xsd:task.xsd:1.2" uri="task.xsd" xml:base="technicalContent/xsd/"/>
    
    <uri name="generalTask.xsd" uri="generalTask.xsd" xml:base="technicalContent/xsd/"/>
    <uri name="urn:oasis:names:tc:dita:xsd:generalTask.xsd" uri="generalTask.xsd" xml:base="technicalContent/xsd/"/>
    <uri name="urn:oasis:names:tc:dita:xsd:generalTask.xsd:1.x" uri="generalTask.xsd" xml:base="technicalContent/xsd/"/>
    <uri name="urn:oasis:names:tc:dita:xsd:generalTask.xsd:1.2" uri="generalTask.xsd" xml:base="technicalContent/xsd/"/>
    
    <uri name="taskMod.xsd" uri="taskMod.xsd" xml:base="technicalContent/xsd/"/>
    <uri name="urn:oasis:names:tc:dita:xsd:taskMod.xsd" uri="taskMod.xsd" xml:base="technicalContent/xsd/"/>
    <uri name="urn:oasis:names:tc:dita:xsd:taskMod.xsd:1.x" uri="taskMod.xsd" xml:base="technicalContent/xsd/"/>
    <uri name="urn:oasis:names:tc:dita:xsd:taskMod.xsd:1.2" uri="taskMod.xsd" xml:base="technicalContent/xsd/"/>
    
    <!-- Constraints in the technical content package -->
    
    <uri name="strictTaskbodyConstraintMod.xsd" uri="strictTaskbodyConstraintMod.xsd" xml:base="technicalContent/xsd/"/>
    <uri name="urn:oasis:names:tc:dita:xsd:strictTaskbodyConstraintMod.xsd" uri="strictTaskbodyConstraintMod.xsd" xml:base="technicalContent/xsd/"/>
    <uri name="urn:oasis:names:tc:dita:xsd:strictTaskbodyConstraintMod.xsd:1.x" uri="strictTaskbodyConstraintMod.xsd" xml:base="technicalContent/xsd/"/>
    <uri name="urn:oasis:names:tc:dita:xsd:strictTaskbodyConstraintMod.xsd:1.2" uri="strictTaskbodyConstraintMod.xsd" xml:base="technicalContent/xsd/"/>
    
    <uri name="taskGrp.xsd" uri="taskGrp.xsd" xml:base="technicalContent/xsd/"/>
    <uri name="urn:oasis:names:tc:dita:xsd:taskGrp.xsd" uri="taskGrp.xsd" xml:base="technicalContent/xsd/"/>
    <uri name="urn:oasis:names:tc:dita:xsd:taskGrp.xsd:1.x" uri="taskGrp.xsd" xml:base="technicalContent/xsd/"/>
    <uri name="urn:oasis:names:tc:dita:xsd:taskGrp.xsd:1.2" uri="taskGrp.xsd" xml:base="technicalContent/xsd/"/>

    <uri name="glossary.xsd" uri="glossary.xsd" xml:base="technicalContent/xsd/"/>
    <uri name="urn:oasis:names:tc:dita:xsd:glossary.xsd" uri="glossary.xsd" xml:base="technicalContent/xsd/"/>
    <uri name="urn:oasis:names:tc:dita:xsd:glossary.xsd:1.x" uri="glossary.xsd" xml:base="technicalContent/xsd/"/>
    <uri name="urn:oasis:names:tc:dita:xsd:glossary.xsd:1.2" uri="glossary.xsd" xml:base="technicalContent/xsd/"/>
       
    <uri name="glossaryMod.xsd" uri="glossaryMod.xsd" xml:base="technicalContent/xsd/"/>
    <uri name="urn:oasis:names:tc:dita:xsd:glossaryMod.xsd" uri="glossaryMod.xsd" xml:base="technicalContent/xsd/"/>
    <uri name="urn:oasis:names:tc:dita:xsd:glossaryMod.xsd:1.x" uri="glossaryMod.xsd" xml:base="technicalContent/xsd/"/>
    <uri name="urn:oasis:names:tc:dita:xsd:glossaryMod.xsd:1.2" uri="glossaryMod.xsd" xml:base="technicalContent/xsd/"/>
    
    <uri name="glossaryGrp.xsd" uri="glossaryGrp.xsd" xml:base="technicalContent/xsd/"/>
    <uri name="urn:oasis:names:tc:dita:xsd:glossaryGrp.xsd" uri="glossaryGrp.xsd" xml:base="technicalContent/xsd/"/>
    <uri name="urn:oasis:names:tc:dita:xsd:glossaryGrp.xsd:1.x" uri="glossaryGrp.xsd" xml:base="technicalContent/xsd/"/>
    <uri name="urn:oasis:names:tc:dita:xsd:glossaryGrp.xsd:1.2" uri="glossaryGrp.xsd" xml:base="technicalContent/xsd/"/>
    
    <uri name="glossentry.xsd" uri="glossentry.xsd" xml:base="technicalContent/xsd/"/>
    <uri name="urn:oasis:names:tc:dita:xsd:glossentry.xsd" uri="glossentry.xsd" xml:base="technicalContent/xsd/"/>
    <uri name="urn:oasis:names:tc:dita:xsd:glossentry.xsd:1.x" uri="glossentry.xsd" xml:base="technicalContent/xsd/"/>
    <uri name="urn:oasis:names:tc:dita:xsd:glossentry.xsd:1.2" uri="glossentry.xsd" xml:base="technicalContent/xsd/"/>
    
    <uri name="glossentryMod.xsd" uri="glossentryMod.xsd" xml:base="technicalContent/xsd/"/>
    <uri name="urn:oasis:names:tc:dita:xsd:glossentryMod.xsd" uri="glossentryMod.xsd" xml:base="technicalContent/xsd/"/>
    <uri name="urn:oasis:names:tc:dita:xsd:glossentryMod.xsd:1.x" uri="glossentryMod.xsd" xml:base="technicalContent/xsd/"/>
    <uri name="urn:oasis:names:tc:dita:xsd:glossentryMod.xsd:1.2" uri="glossentryMod.xsd" xml:base="technicalContent/xsd/"/>
    
    <uri name="glossentryGrp.xsd" uri="glossentryGrp.xsd" xml:base="technicalContent/xsd/"/>
    <uri name="urn:oasis:names:tc:dita:xsd:glossentryGrp.xsd" uri="glossentryGrp.xsd" xml:base="technicalContent/xsd/"/>
    <uri name="urn:oasis:names:tc:dita:xsd:glossentryGrp.xsd:1.x" uri="glossentryGrp.xsd" xml:base="technicalContent/xsd/"/>
    <uri name="urn:oasis:names:tc:dita:xsd:glossentryGrp.xsd:1.2" uri="glossentryGrp.xsd" xml:base="technicalContent/xsd/"/>

    <uri name="glossarygroup.xsd" uri="glossgroup.xsd" xml:base="technicalContent/xsd/"/>
    <uri name="urn:oasis:names:tc:dita:xsd:glossarygroup.xsd" uri="glossgroup.xsd" xml:base="technicalContent/xsd/"/>
    <uri name="urn:oasis:names:tc:dita:xsd:glossarygroup.xsd:1.x" uri="glossgroup.xsd" xml:base="technicalContent/xsd/"/>
    <uri name="urn:oasis:names:tc:dita:xsd:glossarygroup.xsd:1.2" uri="glossgroup.xsd" xml:base="technicalContent/xsd/"/>
    
    <uri name="glossgroupMod.xsd" uri="glossgroupMod.xsd" xml:base="technicalContent/xsd/"/>
    <uri name="urn:oasis:names:tc:dita:xsd:glossgroupMod.xsd" uri="glossgroupMod.xsd" xml:base="technicalContent/xsd/"/>
    <uri name="urn:oasis:names:tc:dita:xsd:glossgroupMod.xsd:1.x" uri="glossgroupMod.xsd" xml:base="technicalContent/xsd/"/>
    <uri name="urn:oasis:names:tc:dita:xsd:glossgroupMod.xsd:1.2" uri="glossgroupMod.xsd" xml:base="technicalContent/xsd/"/>
    
    <uri name="glossgroupGrp.xsd" uri="glossgroupGrp.xsd" xml:base="technicalContent/xsd/"/>
    <uri name="urn:oasis:names:tc:dita:xsd:glossgroupGrp.xsd" uri="glossgroupGrp.xsd" xml:base="technicalContent/xsd/"/>
    <uri name="urn:oasis:names:tc:dita:xsd:glossgroupGrp.xsd:1.x" uri="glossgroupGrp.xsd" xml:base="technicalContent/xsd/"/>
    <uri name="urn:oasis:names:tc:dita:xsd:glossgroupGrp.xsd:1.2" uri="glossgroupGrp.xsd" xml:base="technicalContent/xsd/"/>


    <uri name="softwareDomain.xsd" uri="softwareDomain.xsd" xml:base="technicalContent/xsd/"/>
    <uri name="urn:oasis:names:tc:dita:xsd:softwareDomain.xsd" uri="softwareDomain.xsd" xml:base="technicalContent/xsd/"/>
    <uri name="urn:oasis:names:tc:dita:xsd:softwareDomain.xsd:1.x" uri="softwareDomain.xsd" xml:base="technicalContent/xsd/"/>
    <uri name="urn:oasis:names:tc:dita:xsd:softwareDomain.xsd:1.2" uri="softwareDomain.xsd" xml:base="technicalContent/xsd/"/>
    
    <uri name="programmingDomain.xsd" uri="programmingDomain.xsd" xml:base="technicalContent/xsd/"/>
    <uri name="urn:oasis:names:tc:dita:xsd:programmingDomain.xsd" uri="programmingDomain.xsd" xml:base="technicalContent/xsd/"/>
    <uri name="urn:oasis:names:tc:dita:xsd:programmingDomain.xsd:1.x" uri="programmingDomain.xsd" xml:base="technicalContent/xsd/"/>
    <uri name="urn:oasis:names:tc:dita:xsd:programmingDomain.xsd:1.2" uri="programmingDomain.xsd" xml:base="technicalContent/xsd/"/>
    
    <uri name="uiDomain.xsd" uri="uiDomain.xsd" xml:base="technicalContent/xsd/"/>
    <uri name="urn:oasis:names:tc:dita:xsd:uiDomain.xsd" uri="uiDomain.xsd" xml:base="technicalContent/xsd/"/>
    <uri name="urn:oasis:names:tc:dita:xsd:uiDomain.xsd:1.x" uri="uiDomain.xsd" xml:base="technicalContent/xsd/"/>
    <uri name="urn:oasis:names:tc:dita:xsd:uiDomain.xsd:1.2" uri="uiDomain.xsd" xml:base="technicalContent/xsd/"/>
    
    <uri name="glossrefDomain.xsd" uri="glossrefDomain.xsd" xml:base="technicalContent/xsd/"/>
    <uri name="urn:oasis:names:tc:dita:xsd:glossrefDomain.xsd" uri="glossrefDomain.xsd" xml:base="technicalContent/xsd/"/>
    <uri name="urn:oasis:names:tc:dita:xsd:glossrefDomain.xsd:1.x" uri="glossrefDomain.xsd" xml:base="technicalContent/xsd/"/>
    <uri name="urn:oasis:names:tc:dita:xsd:glossrefDomain.xsd:1.2" uri="glossrefDomain.xsd" xml:base="technicalContent/xsd/"/>
    
    <uri name="abbreviateDomain.xsd" uri="abbreviateDomain.xsd" xml:base="technicalContent/xsd/"/>
    <uri name="urn:oasis:names:tc:dita:xsd:abbreviateDomain.xsd" uri="abbreviateDomain.xsd" xml:base="technicalContent/xsd/"/>
    <uri name="urn:oasis:names:tc:dita:xsd:abbreviateDomain.xsd:1.x" uri="abbreviateDomain.xsd" xml:base="technicalContent/xsd/"/>
    <uri name="urn:oasis:names:tc:dita:xsd:abbreviateDomain.xsd:1.2" uri="abbreviateDomain.xsd" xml:base="technicalContent/xsd/"/>
    
    <uri name="taskreqDomain.xsd" uri="taskreqDomain.xsd" xml:base="technicalContent/xsd/"/>
    <uri name="urn:oasis:names:tc:dita:xsd:taskreqDomain.xsd" uri="taskreqDomain.xsd" xml:base="technicalContent/xsd/"/>
    <uri name="urn:oasis:names:tc:dita:xsd:taskreqDomain.xsd:1.x" uri="taskreqDomain.xsd" xml:base="technicalContent/xsd/"/>
    <uri name="urn:oasis:names:tc:dita:xsd:taskreqDomain.xsd:1.2" uri="taskreqDomain.xsd" xml:base="technicalContent/xsd/"/>
    

  <!-- Bookmap document type and module -->
    

    <system systemId="bookmap.xsd" uri="bookmap.xsd" xml:base="bookmap/xsd/"/>
    <system systemId="urn:oasis:names:tc:dita:xsd:bookmap.xsd" uri="bookmap.xsd" xml:base="bookmap/xsd/"/>
    <system systemId="urn:oasis:names:tc:dita:xsd:bookmap.xsd:1.x" uri="bookmap.xsd" xml:base="bookmap/xsd/"/>
    <system systemId="urn:oasis:names:tc:dita:xsd:bookmap.xsd:1.2" uri="bookmap.xsd" xml:base="bookmap/xsd/"/>
    
    <system systemId="bookmapMod.xsd" uri="bookmapMod.xsd" xml:base="bookmap/xsd/"/>
    <system systemId="urn:oasis:names:tc:dita:xsd:bookmapMod.xsd" uri="bookmapMod.xsd" xml:base="bookmap/xsd/"/>
    <system systemId="urn:oasis:names:tc:dita:xsd:bookmapMod.xsd:1.x" uri="bookmapMod.xsd" xml:base="bookmap/xsd/"/>
    <system systemId="urn:oasis:names:tc:dita:xsd:bookmapMod.xsd:1.2" uri="bookmapMod.xsd" xml:base="bookmap/xsd/"/>
    
    <system systemId="bookmapGrp.xsd" uri="bookmapGrp.xsd" xml:base="bookmap/xsd/"/>
    <system systemId="urn:oasis:names:tc:dita:xsd:bookmapGrp.xsd" uri="bookmapGrp.xsd" xml:base="bookmap/xsd/"/>
    <system systemId="urn:oasis:names:tc:dita:xsd:bookmapGrp.xsd:1.x" uri="bookmapGrp.xsd" xml:base="bookmap/xsd/"/>
    <system systemId="urn:oasis:names:tc:dita:xsd:bookmapGrp.xsd:1.2" uri="bookmapGrp.xsd" xml:base="bookmap/xsd/"/>

    <uri name="bookmap.xsd" uri="bookmap.xsd" xml:base="bookmap/xsd/"/>
    <uri name="urn:oasis:names:tc:dita:xsd:bookmap.xsd" uri="bookmap.xsd" xml:base="bookmap/xsd/"/>
    <uri name="urn:oasis:names:tc:dita:xsd:bookmap.xsd:1.x" uri="bookmap.xsd" xml:base="bookmap/xsd/"/>
    <uri name="urn:oasis:names:tc:dita:xsd:bookmap.xsd:1.2" uri="bookmap.xsd" xml:base="bookmap/xsd/"/>
    
    <uri name="bookmapMod.xsd" uri="bookmapMod.xsd" xml:base="bookmap/xsd/"/>
    <uri name="urn:oasis:names:tc:dita:xsd:bookmapMod.xsd" uri="bookmapMod.xsd" xml:base="bookmap/xsd/"/>
    <uri name="urn:oasis:names:tc:dita:xsd:bookmapMod.xsd:1.x" uri="bookmapMod.xsd" xml:base="bookmap/xsd/"/>
    <uri name="urn:oasis:names:tc:dita:xsd:bookmapMod.xsd:1.2" uri="bookmapMod.xsd" xml:base="bookmap/xsd/"/>
    
    <uri name="bookmapGrp.xsd" uri="bookmapGrp.xsd" xml:base="bookmap/xsd/"/>
    <uri name="urn:oasis:names:tc:dita:xsd:bookmapGrp.xsd" uri="bookmapGrp.xsd" xml:base="bookmap/xsd/"/>
    <uri name="urn:oasis:names:tc:dita:xsd:bookmapGrp.xsd:1.x" uri="bookmapGrp.xsd" xml:base="bookmap/xsd/"/>
    <uri name="urn:oasis:names:tc:dita:xsd:bookmapGrp.xsd:1.2" uri="bookmapGrp.xsd" xml:base="bookmap/xsd/"/>

  <!-- Domain for representing XNAL address information -->
    

    <system systemId="xnalDomain.xsd" uri="xnalDomain.xsd" xml:base="xnal/xsd/"/>
    <system systemId="urn:oasis:names:tc:dita:xsd:xnalDomain.xsd" uri="xnalDomain.xsd" xml:base="xnal/xsd/"/>
    <system systemId="urn:oasis:names:tc:dita:xsd:xnalDomain.xsd:1.x" uri="xnalDomain.xsd" xml:base="xnal/xsd/"/>
    <system systemId="urn:oasis:names:tc:dita:xsd:xnalDomain.xsd:1.2" uri="xnalDomain.xsd" xml:base="xnal/xsd/"/>

    <uri name="xnalDomain.xsd" uri="xnalDomain.xsd" xml:base="xnal/xsd/"/>
    <uri name="urn:oasis:names:tc:dita:xsd:xnalDomain.xsd" uri="xnalDomain.xsd" xml:base="xnal/xsd/"/>
    <uri name="urn:oasis:names:tc:dita:xsd:xnalDomain.xsd:1.x" uri="xnalDomain.xsd" xml:base="xnal/xsd/"/>
    <uri name="urn:oasis:names:tc:dita:xsd:xnalDomain.xsd:1.2" uri="xnalDomain.xsd" xml:base="xnal/xsd/"/>

  <!-- Modules and topic types from the OASIS DITA Learning Subcommittee -->
    

    
    <system systemId="learningDomain.xsd" uri="learningDomain.xsd" xml:base="learning/xsd/"/>
    <system systemId="urn:oasis:names:tc:dita:spec:learning:xsd:learningDomain.xsd" uri="learningDomain.xsd" xml:base="learning/xsd/"/>
    <system systemId="urn:oasis:names:tc:dita:spec:learning:xsd:learningDomain.xsd:1.x" uri="learningDomain.xsd" xml:base="learning/xsd/"/>
    <system systemId="urn:oasis:names:tc:dita:spec:learning:xsd:learningDomain.xsd:1.2" uri="learningDomain.xsd" xml:base="learning/xsd/"/>
    
    <system systemId="learningInteractionBaseDomain.xsd" uri="learningInteractionBaseDomain.xsd" xml:base="learning/xsd/"/>
    <system systemId="urn:oasis:names:tc:dita:spec:learning:xsd:learningInteractionBaseDomain.xsd" uri="learningInteractionBaseDomain.xsd" xml:base="learning/xsd/"/>
    <system systemId="urn:oasis:names:tc:dita:spec:learning:xsd:learningInteractionBaseDomain.xsd:1.x" uri="learningInteractionBaseDomain.xsd" xml:base="learning/xsd/"/>
    <system systemId="urn:oasis:names:tc:dita:spec:learning:xsd:learningInteractionBaseDomain.xsd:1.2" uri="learningInteractionBaseDomain.xsd" xml:base="learning/xsd/"/>

    
    <system systemId="learningMapDomain.xsd" uri="learningMapDomain.xsd" xml:base="learning/xsd/"/>
    <system systemId="urn:oasis:names:tc:dita:spec:learning:xsd:learningMapDomain.xsd" uri="learningMapDomain.xsd" xml:base="learning/xsd/"/>
    <system systemId="urn:oasis:names:tc:dita:spec:learning:xsd:learningMapDomain.xsd:1.x" uri="learningMapDomain.xsd" xml:base="learning/xsd/"/>
    <system systemId="urn:oasis:names:tc:dita:spec:learning:xsd:learningMapDomain.xsd:1.2" uri="learningMapDomain.xsd" xml:base="learning/xsd/"/>
        
    <system systemId="learningMetadataDomain.xsd" uri="learningMetadataDomain.xsd" xml:base="learning/xsd/"/>
    <system systemId="urn:oasis:names:tc:dita:spec:learning:xsd:learningMetadataDomain.xsd" uri="learningMetadataDomain.xsd" xml:base="learning/xsd/"/>
    <system systemId="urn:oasis:names:tc:dita:spec:learning:xsd:learningMetadataDomain.xsd:1.x" uri="learningMetadataDomain.xsd" xml:base="learning/xsd/"/>
    <system systemId="urn:oasis:names:tc:dita:spec:learning:xsd:learningMetadataDomain.xsd:1.2" uri="learningMetadataDomain.xsd" xml:base="learning/xsd/"/>
    
    <system systemId="learningAssessment.xsd" uri="learningAssessment.xsd" xml:base="learning/xsd/"/>
    <system systemId="urn:oasis:names:tc:dita:spec:learning:xsd:learningAssessment.xsd" uri="learningAssessment.xsd" xml:base="learning/xsd/"/>
    <system systemId="urn:oasis:names:tc:dita:spec:learning:xsd:learningAssessment.xsd:1.x" uri="learningAssessment.xsd" xml:base="learning/xsd/"/>
    <system systemId="urn:oasis:names:tc:dita:spec:learning:xsd:learningAssessment.xsd:1.2" uri="learningAssessment.xsd" xml:base="learning/xsd/"/>
    
    <system systemId="learningAssessmentGrp.xsd" uri="learningAssessmentGrp.xsd" xml:base="learning/xsd/"/>
    <system systemId="urn:oasis:names:tc:dita:spec:learning:xsd:learningAssessmentGrp.xsd" uri="learningAssessmentGrp.xsd" xml:base="learning/xsd/"/>
    <system systemId="urn:oasis:names:tc:dita:spec:learning:xsd:learningAssessmentGrp.xsd:1.x" uri="learningAssessmentGrp.xsd" xml:base="learning/xsd/"/>
    <system systemId="urn:oasis:names:tc:dita:spec:learning:xsd:learningAssessmentGrp.xsd:1.2" uri="learningAssessmentGrp.xsd" xml:base="learning/xsd/"/>
    
    <system systemId="learningAssessmentMod.xsd" uri="learningAssessmentMod.xsd" xml:base="learning/xsd/"/>
    <system systemId="urn:oasis:names:tc:dita:spec:learning:xsd:learningAssessmentMod.xsd" uri="learningAssessmentMod.xsd" xml:base="learning/xsd/"/>
    <system systemId="urn:oasis:names:tc:dita:spec:learning:xsd:learningAssessmentMod.xsd:1.x" uri="learningAssessmentMod.xsd" xml:base="learning/xsd/"/>
    <system systemId="urn:oasis:names:tc:dita:spec:learning:xsd:learningAssessmentMod.xsd:1.2" uri="learningAssessmentMod.xsd" xml:base="learning/xsd/"/>
    
    <system systemId="learningBaseGrp.xsd" uri="learningBaseGrp.xsd" xml:base="learning/xsd/"/>
    <system systemId="urn:oasis:names:tc:dita:spec:learning:xsd:learningBaseGrp.xsd" uri="learningBaseGrp.xsd" xml:base="learning/xsd/"/>
    <system systemId="urn:oasis:names:tc:dita:spec:learning:xsd:learningBaseGrp.xsd:1.x" uri="learningBaseGrp.xsd" xml:base="learning/xsd/"/>
    <system systemId="urn:oasis:names:tc:dita:spec:learning:xsd:learningBaseGrp.xsd:1.2" uri="learningBaseGrp.xsd" xml:base="learning/xsd/"/>
    
    <system systemId="learningBaseMod.xsd" uri="learningBaseMod.xsd" xml:base="learning/xsd/"/>
    <system systemId="urn:oasis:names:tc:dita:spec:learning:xsd:learningBaseMod.xsd" uri="learningBaseMod.xsd" xml:base="learning/xsd/"/>
    <system systemId="urn:oasis:names:tc:dita:spec:learning:xsd:learningBaseMod.xsd:1.x" uri="learningBaseMod.xsd" xml:base="learning/xsd/"/>
    <system systemId="urn:oasis:names:tc:dita:spec:learning:xsd:learningBaseMod.xsd:1.2" uri="learningBaseMod.xsd" xml:base="learning/xsd/"/>
    
    <system systemId="learningContent.xsd" uri="learningContent.xsd" xml:base="learning/xsd/"/>
    <system systemId="urn:oasis:names:tc:dita:spec:learning:xsd:learningContent.xsd" uri="learningContent.xsd" xml:base="learning/xsd/"/>
    <system systemId="urn:oasis:names:tc:dita:spec:learning:xsd:learningContent.xsd:1.x" uri="learningContent.xsd" xml:base="learning/xsd/"/>
    <system systemId="urn:oasis:names:tc:dita:spec:learning:xsd:learningContent.xsd:1.2" uri="learningContent.xsd" xml:base="learning/xsd/"/>
    
    <system systemId="learningContentGrp.xsd" uri="learningContentGrp.xsd" xml:base="learning/xsd/"/>
    <system systemId="urn:oasis:names:tc:dita:spec:learning:xsd:learningContentGrp.xsd" uri="learningContentGrp.xsd" xml:base="learning/xsd/"/>
    <system systemId="urn:oasis:names:tc:dita:spec:learning:xsd:learningContentGrp.xsd:1.x" uri="learningContentGrp.xsd" xml:base="learning/xsd/"/>
    <system systemId="urn:oasis:names:tc:dita:spec:learning:xsd:learningContentGrp.xsd:1.2" uri="learningContentGrp.xsd" xml:base="learning/xsd/"/>
    
    <system systemId="learningContentMod.xsd" uri="learningContentMod.xsd" xml:base="learning/xsd/"/>
    <system systemId="urn:oasis:names:tc:dita:spec:learning:xsd:learningContentMod.xsd:" uri="learningContentMod.xsd" xml:base="learning/xsd/"/>
    <system systemId="urn:oasis:names:tc:dita:spec:learning:xsd:learningContentMod.xsd:1.x" uri="learningContentMod.xsd" xml:base="learning/xsd/"/>
    <system systemId="urn:oasis:names:tc:dita:spec:learning:xsd:learningContentMod.xsd:1.2" uri="learningContentMod.xsd" xml:base="learning/xsd/"/>
    
    <system systemId="learningBookmap.xsd" uri="learningBookmap.xsd" xml:base="learning/xsd/"/>
    <system systemId="urn:oasis:names:tc:dita:spec:learning:xsd:learningBookmap.xsd" uri="learningBookmap.xsd" xml:base="learning/xsd/"/>
    <system systemId="urn:oasis:names:tc:dita:spec:learning:xsd:learningBookmap.xsd:1.x" uri="learningBookmap.xsd" xml:base="learning/xsd/"/>
    <system systemId="urn:oasis:names:tc:dita:spec:learning:xsd:learningBookmap.xsd:1.2" uri="learningBookmap.xsd" xml:base="learning/xsd/"/>
    
    <system systemId="learningMap.xsd" uri="learningMap.xsd" xml:base="learning/xsd/"/>
    <system systemId="urn:oasis:names:tc:dita:spec:learning:xsd:learningMap.xsd" uri="learningMap.xsd" xml:base="learning/xsd/"/>
    <system systemId="urn:oasis:names:tc:dita:spec:learning:xsd:learningMap.xsd:1.x" uri="learningMap.xsd" xml:base="learning/xsd/"/>
    <system systemId="urn:oasis:names:tc:dita:spec:learning:xsd:learningMap.xsd:1.2" uri="learningMap.xsd" xml:base="learning/xsd/"/>
    
    <system systemId="learningMapGrp.xsd" uri="learningMapGrp.xsd" xml:base="learning/xsd/"/>
    <system systemId="urn:oasis:names:tc:dita:spec:learning:xsd:learningMapGrp.xsd" uri="learningMapGrp.xsd" xml:base="learning/xsd/"/>
    <system systemId="urn:oasis:names:tc:dita:spec:learning:xsd:learningMapGrp.xsd:1.x" uri="learningMapGrp.xsd" xml:base="learning/xsd/"/>
    <system systemId="urn:oasis:names:tc:dita:spec:learning:xsd:learningMapGrp.xsd:1.2" uri="learningMapGrp.xsd" xml:base="learning/xsd/"/>
    
    <system systemId="learningOverview.xsd" uri="learningOverview.xsd" xml:base="learning/xsd/"/>
    <system systemId="urn:oasis:names:tc:dita:spec:learning:xsd:learningOverview.xsd" uri="learningOverview.xsd" xml:base="learning/xsd/"/>
    <system systemId="urn:oasis:names:tc:dita:spec:learning:xsd:learningOverview.xsd:1.x" uri="learningOverview.xsd" xml:base="learning/xsd/"/>
    <system systemId="urn:oasis:names:tc:dita:spec:learning:xsd:learningOverview.xsd:1.2" uri="learningOverview.xsd" xml:base="learning/xsd/"/>
    
    <system systemId="learningOverviewGrp.xsd" uri="learningOverviewGrp.xsd" xml:base="learning/xsd/"/>
    <system systemId="urn:oasis:names:tc:dita:spec:learning:xsd:learningOverviewGrp.xsd" uri="learningOverviewGrp.xsd" xml:base="learning/xsd/"/>
    <system systemId="urn:oasis:names:tc:dita:spec:learning:xsd:learningOverviewGrp.xsd:1.x" uri="learningOverviewGrp.xsd" xml:base="learning/xsd/"/>
    <system systemId="urn:oasis:names:tc:dita:spec:learning:xsd:learningOverviewGrp.xsd:1.2" uri="learningOverviewGrp.xsd" xml:base="learning/xsd/"/>
    
    <system systemId="learningOverviewMod.xsd" uri="learningOverviewMod.xsd" xml:base="learning/xsd/"/>
    <system systemId="urn:oasis:names:tc:dita:spec:learning:xsd:learningOverviewMod.xsd" uri="learningOverviewMod.xsd" xml:base="learning/xsd/"/>
    <system systemId="urn:oasis:names:tc:dita:spec:learning:xsd:learningOverviewMod.xsd:1.x" uri="learningOverviewMod.xsd" xml:base="learning/xsd/"/>
    <system systemId="urn:oasis:names:tc:dita:spec:learning:xsd:learningOverviewMod.xsd:1.2" uri="learningOverviewMod.xsd" xml:base="learning/xsd/"/>
    
    <system systemId="learningPlan.xsd" uri="learningPlan.xsd" xml:base="learning/xsd/"/>
    <system systemId="urn:oasis:names:tc:dita:spec:learning:xsd:learningPlan.xsd" uri="learningPlan.xsd" xml:base="learning/xsd/"/>
    <system systemId="urn:oasis:names:tc:dita:spec:learning:xsd:learningPlan.xsd:1.x" uri="learningPlan.xsd" xml:base="learning/xsd/"/>
    <system systemId="urn:oasis:names:tc:dita:spec:learning:xsd:learningPlan.xsd:1.2" uri="learningPlan.xsd" xml:base="learning/xsd/"/>
    
    <system systemId="learningPlanMod.xsd" uri="learningPlanMod.xsd" xml:base="learning/xsd/"/>
    <system systemId="urn:oasis:names:tc:dita:spec:learning:xsd:learningPlanMod.xsd" uri="learningPlanMod.xsd" xml:base="learning/xsd/"/>
    <system systemId="urn:oasis:names:tc:dita:spec:learning:xsd:learningPlanMod.xsd:1.x" uri="learningPlanMod.xsd" xml:base="learning/xsd/"/>
    <system systemId="urn:oasis:names:tc:dita:spec:learning:xsd:learningPlanMod.xsd:1.2" uri="learningPlanMod.xsd" xml:base="learning/xsd/"/>
    
    <system systemId="learningPlanGrp.xsd" uri="learningPlanGrp.xsd" xml:base="learning/xsd/"/>
    <system systemId="urn:oasis:names:tc:dita:spec:learning:xsd:learningPlanGrp.xsd" uri="learningPlanGrp.xsd" xml:base="learning/xsd/"/>
    <system systemId="urn:oasis:names:tc:dita:spec:learning:xsd:learningPlanGrp.xsd:1.x" uri="learningPlanGrp.xsd" xml:base="learning/xsd/"/>
    <system systemId="urn:oasis:names:tc:dita:spec:learning:xsd:learningPlanGrp.xsd:1.2" uri="learningPlanGrp.xsd" xml:base="learning/xsd/"/>
    
    <system systemId="learningSummary.xsd" uri="learningSummary.xsd" xml:base="learning/xsd/"/>
    <system systemId="urn:oasis:names:tc:dita:spec:learning:xsd:learningSummary.xsd" uri="learningSummary.xsd" xml:base="learning/xsd/"/>
    <system systemId="urn:oasis:names:tc:dita:spec:learning:xsd:learningSummary.xsd:1.x" uri="learningSummary.xsd" xml:base="learning/xsd/"/>
    <system systemId="urn:oasis:names:tc:dita:spec:learning:xsd:learningSummary.xsd:1.2" uri="learningSummary.xsd" xml:base="learning/xsd/"/>
    
    <system systemId="learningSummaryGrp.xsd" uri="learningSummaryGrp.xsd" xml:base="learning/xsd/"/>
    <system systemId="urn:oasis:names:tc:dita:spec:learning:xsd:learningSummaryGrp.xsd" uri="learningSummaryGrp.xsd" xml:base="learning/xsd/"/>
    <system systemId="urn:oasis:names:tc:dita:spec:learning:xsd:learningSummaryGrp.xsd:1.x" uri="learningSummaryGrp.xsd" xml:base="learning/xsd/"/>
    <system systemId="urn:oasis:names:tc:dita:spec:learning:xsd:learningSummaryGrp.xsd:1.2" uri="learningSummaryGrp.xsd" xml:base="learning/xsd/"/>
    
    <system systemId="learningSummaryMod.xsd" uri="learningSummaryMod.xsd" xml:base="learning/xsd/"/>
    <system systemId="urn:oasis:names:tc:dita:spec:learning:xsd:learningSummaryMod.xsd" uri="learningSummaryMod.xsd" xml:base="learning/xsd/"/>
    <system systemId="urn:oasis:names:tc:dita:spec:learning:xsd:learningSummaryMod.xsd:1.x" uri="learningSummaryMod.xsd" xml:base="learning/xsd/"/>
    <system systemId="urn:oasis:names:tc:dita:spec:learning:xsd:learningSummaryMod.xsd:1.2" uri="learningSummaryMod.xsd" xml:base="learning/xsd/"/>  
    
    <uri name="learningDomain.xsd" uri="learningDomain.xsd" xml:base="learning/xsd/"/>
    <uri name="urn:oasis:names:tc:dita:spec:learning:xsd:learningDomain.xsd" uri="learningDomain.xsd" xml:base="learning/xsd/"/>
    <uri name="urn:oasis:names:tc:dita:spec:learning:xsd:learningDomain.xsd:1.x" uri="learningDomain.xsd" xml:base="learning/xsd/"/>
    <uri name="urn:oasis:names:tc:dita:spec:learning:xsd:learningDomain.xsd:1.2" uri="learningDomain.xsd" xml:base="learning/xsd/"/>
    
    <uri name="learningInteractionBaseDomain.xsd" uri="learningInteractionBaseDomain.xsd" xml:base="learning/xsd/"/>
    <uri name="urn:oasis:names:tc:dita:spec:learning:xsd:learningInteractionBaseDomain.xsd" uri="learningInteractionBaseDomain.xsd" xml:base="learning/xsd/"/>
    <uri name="urn:oasis:names:tc:dita:spec:learning:xsd:learningInteractionBaseDomain.xsd:1.x" uri="learningInteractionBaseDomain.xsd" xml:base="learning/xsd/"/>
    <uri name="urn:oasis:names:tc:dita:spec:learning:xsd:learningInteractionBaseDomain.xsd:1.2" uri="learningInteractionBaseDomain.xsd" xml:base="learning/xsd/"/>
    
    <uri name="learningMapDomain.xsd" uri="learningMapDomain.xsd" xml:base="learning/xsd/"/>
    <uri name="urn:oasis:names:tc:dita:spec:learning:xsd:learningMapDomain.xsd" uri="learningMapDomain.xsd" xml:base="learning/xsd/"/>
    <uri name="urn:oasis:names:tc:dita:spec:learning:xsd:learningMapDomain.xsd:1.x" uri="learningMapDomain.xsd" xml:base="learning/xsd/"/>
    <uri name="urn:oasis:names:tc:dita:spec:learning:xsd:learningMapDomain.xsd:1.2" uri="learningMapDomain.xsd" xml:base="learning/xsd/"/>
        
    <uri name="learningMetadataDomain.xsd" uri="learningMetadataDomain.xsd" xml:base="learning/xsd/"/>
    <uri name="urn:oasis:names:tc:dita:spec:learning:xsd:learningMetadataDomain.xsd" uri="learningMetadataDomain.xsd" xml:base="learning/xsd/"/>
    <uri name="urn:oasis:names:tc:dita:spec:learning:xsd:learningMetadataDomain.xsd:1.x" uri="learningMetadataDomain.xsd" xml:base="learning/xsd/"/>
    <uri name="urn:oasis:names:tc:dita:spec:learning:xsd:learningMetadataDomain.xsd:1.2" uri="learningMetadataDomain.xsd" xml:base="learning/xsd/"/>
    
    <uri name="learningAssessment.xsd" uri="learningAssessment.xsd" xml:base="learning/xsd/"/>
    <uri name="urn:oasis:names:tc:dita:spec:learning:xsd:learningAssessment.xsd" uri="learningAssessment.xsd" xml:base="learning/xsd/"/>
    <uri name="urn:oasis:names:tc:dita:spec:learning:xsd:learningAssessment.xsd:1.x" uri="learningAssessment.xsd" xml:base="learning/xsd/"/>
    <uri name="urn:oasis:names:tc:dita:spec:learning:xsd:learningAssessment.xsd:1.2" uri="learningAssessment.xsd" xml:base="learning/xsd/"/>
    
    <uri name="learningAssessmentGrp.xsd" uri="learningAssessmentGrp.xsd" xml:base="learning/xsd/"/>
    <uri name="urn:oasis:names:tc:dita:spec:learning:xsd:learningAssessmentGrp.xsd" uri="learningAssessmentGrp.xsd" xml:base="learning/xsd/"/>
    <uri name="urn:oasis:names:tc:dita:spec:learning:xsd:learningAssessmentGrp.xsd:1.x" uri="learningAssessmentGrp.xsd" xml:base="learning/xsd/"/>
    <uri name="urn:oasis:names:tc:dita:spec:learning:xsd:learningAssessmentGrp.xsd:1.2" uri="learningAssessmentGrp.xsd" xml:base="learning/xsd/"/>
    
    <uri name="learningAssessmentMod.xsd" uri="learningAssessmentMod.xsd" xml:base="learning/xsd/"/>
    <uri name="urn:oasis:names:tc:dita:spec:learning:xsd:learningAssessmentMod.xsd" uri="learningAssessmentMod.xsd" xml:base="learning/xsd/"/>
    <uri name="urn:oasis:names:tc:dita:spec:learning:xsd:learningAssessmentMod.xsd:1.x" uri="learningAssessmentMod.xsd" xml:base="learning/xsd/"/>
    <uri name="urn:oasis:names:tc:dita:spec:learning:xsd:learningAssessmentMod.xsd:1.2" uri="learningAssessmentMod.xsd" xml:base="learning/xsd/"/>
    
    <uri name="learningBaseGrp.xsd" uri="learningBaseGrp.xsd" xml:base="learning/xsd/"/>
    <uri name="urn:oasis:names:tc:dita:spec:learning:xsd:learningBaseGrp.xsd" uri="learningBaseGrp.xsd" xml:base="learning/xsd/"/>
    <uri name="urn:oasis:names:tc:dita:spec:learning:xsd:learningBaseGrp.xsd:1.x" uri="learningBaseGrp.xsd" xml:base="learning/xsd/"/>
    <uri name="urn:oasis:names:tc:dita:spec:learning:xsd:learningBaseGrp.xsd:1.2" uri="learningBaseGrp.xsd" xml:base="learning/xsd/"/>
    
    <uri name="learningBaseMod.xsd" uri="learningBaseMod.xsd" xml:base="learning/xsd/"/>
    <uri name="urn:oasis:names:tc:dita:spec:learning:xsd:learningBaseMod.xsd" uri="learningBaseMod.xsd" xml:base="learning/xsd/"/>
    <uri name="urn:oasis:names:tc:dita:spec:learning:xsd:learningBaseMod.xsd:1.x" uri="learningBaseMod.xsd" xml:base="learning/xsd/"/>
    <uri name="urn:oasis:names:tc:dita:spec:learning:xsd:learningBaseMod.xsd:1.2" uri="learningBaseMod.xsd" xml:base="learning/xsd/"/>
    
    <uri name="learningContent.xsd" uri="learningContent.xsd" xml:base="learning/xsd/"/>
    <uri name="urn:oasis:names:tc:dita:spec:learning:xsd:learningContent.xsd" uri="learningContent.xsd" xml:base="learning/xsd/"/>
    <uri name="urn:oasis:names:tc:dita:spec:learning:xsd:learningContent.xsd:1.x" uri="learningContent.xsd" xml:base="learning/xsd/"/>
    <uri name="urn:oasis:names:tc:dita:spec:learning:xsd:learningContent.xsd:1.2" uri="learningContent.xsd" xml:base="learning/xsd/"/>
    
    <uri name="learningContentGrp.xsd" uri="learningContentGrp.xsd" xml:base="learning/xsd/"/>
    <uri name="urn:oasis:names:tc:dita:spec:learning:xsd:learningContentGrp.xsd" uri="learningContentGrp.xsd" xml:base="learning/xsd/"/>
    <uri name="urn:oasis:names:tc:dita:spec:learning:xsd:learningContentGrp.xsd:1.x" uri="learningContentGrp.xsd" xml:base="learning/xsd/"/>
    <uri name="urn:oasis:names:tc:dita:spec:learning:xsd:learningContentGrp.xsd:1.2" uri="learningContentGrp.xsd" xml:base="learning/xsd/"/>
    
    <uri name="learningContentMod.xsd" uri="learningContentMod.xsd" xml:base="learning/xsd/"/>
    <uri name="urn:oasis:names:tc:dita:spec:learning:xsd:learningContentMod.xsd:" uri="learningContentMod.xsd" xml:base="learning/xsd/"/>
    <uri name="urn:oasis:names:tc:dita:spec:learning:xsd:learningContentMod.xsd:1.x" uri="learningContentMod.xsd" xml:base="learning/xsd/"/>
    <uri name="urn:oasis:names:tc:dita:spec:learning:xsd:learningContentMod.xsd:1.2" uri="learningContentMod.xsd" xml:base="learning/xsd/"/>
    
    <uri name="learningBookmap.xsd" uri="learningBookmap.xsd" xml:base="learning/xsd/"/>
    <uri name="urn:oasis:names:tc:dita:spec:learning:xsd:learningBookmap.xsd" uri="learningBookmap.xsd" xml:base="learning/xsd/"/>
    <uri name="urn:oasis:names:tc:dita:spec:learning:xsd:learningBookmap.xsd:1.x" uri="learningBookmap.xsd" xml:base="learning/xsd/"/>
    <uri name="urn:oasis:names:tc:dita:spec:learning:xsd:learningBookmap.xsd:1.2" uri="learningBookmap.xsd" xml:base="learning/xsd/"/>
    
    <uri name="learningMap.xsd" uri="learningMap.xsd" xml:base="learning/xsd/"/>
    <uri name="urn:oasis:names:tc:dita:spec:learning:xsd:learningMap.xsd" uri="learningMap.xsd" xml:base="learning/xsd/"/>
    <uri name="urn:oasis:names:tc:dita:spec:learning:xsd:learningMap.xsd:1.x" uri="learningMap.xsd" xml:base="learning/xsd/"/>
    <uri name="urn:oasis:names:tc:dita:spec:learning:xsd:learningMap.xsd:1.2" uri="learningMap.xsd" xml:base="learning/xsd/"/>
    
    <uri name="learningMapGrp.xsd" uri="learningMapGrp.xsd" xml:base="learning/xsd/"/>
    <uri name="urn:oasis:names:tc:dita:spec:learning:xsd:learningMapGrp.xsd" uri="learningMapGrp.xsd" xml:base="learning/xsd/"/>
    <uri name="urn:oasis:names:tc:dita:spec:learning:xsd:learningMapGrp.xsd:1.x" uri="learningMapGrp.xsd" xml:base="learning/xsd/"/>
    <uri name="urn:oasis:names:tc:dita:spec:learning:xsd:learningMapGrp.xsd:1.2" uri="learningMapGrp.xsd" xml:base="learning/xsd/"/>
    
    <uri name="learningOverview.xsd" uri="learningOverview.xsd" xml:base="learning/xsd/"/>
    <uri name="urn:oasis:names:tc:dita:spec:learning:xsd:learningOverview.xsd" uri="learningOverview.xsd" xml:base="learning/xsd/"/>
    <uri name="urn:oasis:names:tc:dita:spec:learning:xsd:learningOverview.xsd:1.x" uri="learningOverview.xsd" xml:base="learning/xsd/"/>
    <uri name="urn:oasis:names:tc:dita:spec:learning:xsd:learningOverview.xsd:1.2" uri="learningOverview.xsd" xml:base="learning/xsd/"/>
    
    <uri name="learningOverviewGrp.xsd" uri="learningOverviewGrp.xsd" xml:base="learning/xsd/"/>
    <uri name="urn:oasis:names:tc:dita:spec:learning:xsd:learningOverviewGrp.xsd" uri="learningOverviewGrp.xsd" xml:base="learning/xsd/"/>
    <uri name="urn:oasis:names:tc:dita:spec:learning:xsd:learningOverviewGrp.xsd:1.x" uri="learningOverviewGrp.xsd" xml:base="learning/xsd/"/>
    <uri name="urn:oasis:names:tc:dita:spec:learning:xsd:learningOverviewGrp.xsd:1.2" uri="learningOverviewGrp.xsd" xml:base="learning/xsd/"/>
    
    <uri name="learningOverviewMod.xsd" uri="learningOverviewMod.xsd" xml:base="learning/xsd/"/>
    <uri name="urn:oasis:names:tc:dita:spec:learning:xsd:learningOverviewMod.xsd" uri="learningOverviewMod.xsd" xml:base="learning/xsd/"/>
    <uri name="urn:oasis:names:tc:dita:spec:learning:xsd:learningOverviewMod.xsd:1.x" uri="learningOverviewMod.xsd" xml:base="learning/xsd/"/>
    <uri name="urn:oasis:names:tc:dita:spec:learning:xsd:learningOverviewMod.xsd:1.2" uri="learningOverviewMod.xsd" xml:base="learning/xsd/"/>
    
    <uri name="learningPlan.xsd" uri="learningPlan.xsd" xml:base="learning/xsd/"/>
    <uri name="urn:oasis:names:tc:dita:spec:learning:xsd:learningPlan.xsd" uri="learningPlan.xsd" xml:base="learning/xsd/"/>
    <uri name="urn:oasis:names:tc:dita:spec:learning:xsd:learningPlan.xsd:1.x" uri="learningPlan.xsd" xml:base="learning/xsd/"/>
    <uri name="urn:oasis:names:tc:dita:spec:learning:xsd:learningPlan.xsd:1.2" uri="learningPlan.xsd" xml:base="learning/xsd/"/>
    
    <uri name="learningPlanMod.xsd" uri="learningPlanMod.xsd" xml:base="learning/xsd/"/>
    <uri name="urn:oasis:names:tc:dita:spec:learning:xsd:learningPlanMod.xsd" uri="learningPlanMod.xsd" xml:base="learning/xsd/"/>
    <uri name="urn:oasis:names:tc:dita:spec:learning:xsd:learningPlanMod.xsd:1.x" uri="learningPlanMod.xsd" xml:base="learning/xsd/"/>
    <uri name="urn:oasis:names:tc:dita:spec:learning:xsd:learningPlanMod.xsd:1.2" uri="learningPlanMod.xsd" xml:base="learning/xsd/"/>
    
    <uri name="learningPlanGrp.xsd" uri="learningPlanGrp.xsd" xml:base="learning/xsd/"/>
    <uri name="urn:oasis:names:tc:dita:spec:learning:xsd:learningPlanGrp.xsd" uri="learningPlanGrp.xsd" xml:base="learning/xsd/"/>
    <uri name="urn:oasis:names:tc:dita:spec:learning:xsd:learningPlanGrp.xsd:1.x" uri="learningPlanGrp.xsd" xml:base="learning/xsd/"/>
    <uri name="urn:oasis:names:tc:dita:spec:learning:xsd:learningPlanGrp.xsd:1.2" uri="learningPlanGrp.xsd" xml:base="learning/xsd/"/>
    
    <uri name="learningSummary.xsd" uri="learningSummary.xsd" xml:base="learning/xsd/"/>
    <uri name="urn:oasis:names:tc:dita:spec:learning:xsd:learningSummary.xsd" uri="learningSummary.xsd" xml:base="learning/xsd/"/>
    <uri name="urn:oasis:names:tc:dita:spec:learning:xsd:learningSummary.xsd:1.x" uri="learningSummary.xsd" xml:base="learning/xsd/"/>
    <uri name="urn:oasis:names:tc:dita:spec:learning:xsd:learningSummary.xsd:1.2" uri="learningSummary.xsd" xml:base="learning/xsd/"/>
    
    <uri name="learningSummaryGrp.xsd" uri="learningSummaryGrp.xsd" xml:base="learning/xsd/"/>
    <uri name="urn:oasis:names:tc:dita:spec:learning:xsd:learningSummaryGrp.xsd" uri="learningSummaryGrp.xsd" xml:base="learning/xsd/"/>
    <uri name="urn:oasis:names:tc:dita:spec:learning:xsd:learningSummaryGrp.xsd:1.x" uri="learningSummaryGrp.xsd" xml:base="learning/xsd/"/>
    <uri name="urn:oasis:names:tc:dita:spec:learning:xsd:learningSummaryGrp.xsd:1.2" uri="learningSummaryGrp.xsd" xml:base="learning/xsd/"/>
    
    <uri name="learningSummaryMod.xsd" uri="learningSummaryMod.xsd" xml:base="learning/xsd/"/>
    <uri name="urn:oasis:names:tc:dita:spec:learning:xsd:learningSummaryMod.xsd" uri="learningSummaryMod.xsd" xml:base="learning/xsd/"/>
    <uri name="urn:oasis:names:tc:dita:spec:learning:xsd:learningSummaryMod.xsd:1.x" uri="learningSummaryMod.xsd" xml:base="learning/xsd/"/>
    <uri name="urn:oasis:names:tc:dita:spec:learning:xsd:learningSummaryMod.xsd:1.2" uri="learningSummaryMod.xsd" xml:base="learning/xsd/"/>   
     
  <!-- Subject scheme package for controlled vocabularies -->
    
    <system systemId="subjectScheme.xsd" uri="subjectScheme.xsd" xml:base="subjectScheme/xsd/"/>
    <system systemId="urn:oasis:names:tc:dita:spec:classification:xsd:subjectScheme.xsd" uri="subjectScheme.xsd" xml:base="subjectScheme/xsd/"/>
    <system systemId="urn:oasis:names:tc:dita:spec:classification:xsd:subjectScheme.xsd:1.x" uri="subjectScheme.xsd" xml:base="subjectScheme/xsd/"/>
    <system systemId="urn:oasis:names:tc:dita:spec:classification:xsd:subjectScheme.xsd:1.2" uri="subjectScheme.xsd" xml:base="subjectScheme/xsd/"/>
    
    <system systemId="subjectSchemeMod.xsd" uri="subjectSchemeMod.xsd" xml:base="subjectScheme/xsd/"/>
    <system systemId="urn:oasis:names:tc:dita:spec:classification:xsd:subjectSchemeMod.xsd" uri="subjectSchemeMod.xsd" xml:base="subjectScheme/xsd/"/>
    <system systemId="urn:oasis:names:tc:dita:spec:classification:xsd:subjectSchemeMod.xsd:1.x" uri="subjectSchemeMod.xsd" xml:base="subjectScheme/xsd/"/>
    <system systemId="urn:oasis:names:tc:dita:spec:classification:xsd:subjectSchemeMod.xsd:1.2" uri="subjectSchemeMod.xsd" xml:base="subjectScheme/xsd/"/>
    
    <system systemId="subjectSchemeGrp.xsd" uri="subjectSchemeGrp.xsd" xml:base="subjectScheme/xsd/"/>
    <system systemId="urn:oasis:names:tc:dita:spec:classification:xsd:subjectSchemeGrp.xsd" uri="subjectSchemeGrp.xsd" xml:base="subjectScheme/xsd/"/>
    <system systemId="urn:oasis:names:tc:dita:spec:classification:xsd:subjectSchemeGrp.xsd:1.x" uri="subjectSchemeGrp.xsd" xml:base="subjectScheme/xsd/"/>
    <system systemId="urn:oasis:names:tc:dita:spec:classification:xsd:subjectSchemeGrp.xsd:1.2" uri="subjectSchemeGrp.xsd" xml:base="subjectScheme/xsd/"/>
    
    <system systemId="classifyMap.xsd" uri="classifyMap.xsd" xml:base="subjectScheme/xsd/"/>
    <system systemId="urn:oasis:names:tc:dita:spec:classification:xsd:classifyMap.xsd" uri="classifyMap.xsd" xml:base="subjectScheme/xsd/"/>
    <system systemId="urn:oasis:names:tc:dita:spec:classification:xsd:classifyMap.xsd:1.x" uri="classifyMap.xsd" xml:base="subjectScheme/xsd/"/>
    <system systemId="urn:oasis:names:tc:dita:spec:classification:xsd:classifyMap.xsd:1.2" uri="classifyMap.xsd" xml:base="subjectScheme/xsd/"/>
    
    <system systemId="classifyDomain.xsd" uri="classifyDomain.xsd" xml:base="subjectScheme/xsd/"/>
    <system systemId="urn:oasis:names:tc:dita:spec:classification:xsd:classifyDomain.xsd" uri="classifyDomain.xsd" xml:base="subjectScheme/xsd/"/>
    <system systemId="urn:oasis:names:tc:dita:spec:classification:xsd:classifyDomain.xsd:1.x" uri="classifyDomain.xsd" xml:base="subjectScheme/xsd/"/>
    <system systemId="urn:oasis:names:tc:dita:spec:classification:xsd:classifyDomain.xsd:1.2" uri="classifyDomain.xsd" xml:base="subjectScheme/xsd/"/>
    

     <uri name="subjectScheme.xsd" uri="subjectScheme.xsd" xml:base="subjectScheme/xsd/"/>
     <uri name="urn:oasis:names:tc:dita:spec:classification:xsd:subjectScheme.xsd" uri="subjectScheme.xsd" xml:base="subjectScheme/xsd/"/>
     <uri name="urn:oasis:names:tc:dita:spec:classification:xsd:subjectScheme.xsd:1.x" uri="subjectScheme.xsd" xml:base="subjectScheme/xsd/"/>
     <uri name="urn:oasis:names:tc:dita:spec:classification:xsd:subjectScheme.xsd:1.2" uri="subjectScheme.xsd" xml:base="subjectScheme/xsd/"/>
    
     <uri name="subjectSchemeMod.xsd" uri="subjectSchemeMod.xsd" xml:base="subjectScheme/xsd/"/>
     <uri name="urn:oasis:names:tc:dita:spec:classification:xsd:subjectSchemeMod.xsd" uri="subjectSchemeMod.xsd" xml:base="subjectScheme/xsd/"/>
     <uri name="urn:oasis:names:tc:dita:spec:classification:xsd:subjectSchemeMod.xsd:1.x" uri="subjectSchemeMod.xsd" xml:base="subjectScheme/xsd/"/>
     <uri name="urn:oasis:names:tc:dita:spec:classification:xsd:subjectSchemeMod.xsd:1.2" uri="subjectSchemeMod.xsd" xml:base="subjectScheme/xsd/"/>
    
     <uri name="subjectSchemeGrp.xsd" uri="subjectSchemeGrp.xsd" xml:base="subjectScheme/xsd/"/>
     <uri name="urn:oasis:names:tc:dita:spec:classification:xsd:subjectSchemeGrp.xsd" uri="subjectSchemeGrp.xsd" xml:base="subjectScheme/xsd/"/>
     <uri name="urn:oasis:names:tc:dita:spec:classification:xsd:subjectSchemeGrp.xsd:1.x" uri="subjectSchemeGrp.xsd" xml:base="subjectScheme/xsd/"/>
     <uri name="urn:oasis:names:tc:dita:spec:classification:xsd:subjectSchemeGrp.xsd:1.2" uri="subjectSchemeGrp.xsd" xml:base="subjectScheme/xsd/"/>
    
     <uri name="classifyMap.xsd" uri="classifyMap.xsd" xml:base="subjectScheme/xsd/"/>
     <uri name="urn:oasis:names:tc:dita:spec:classification:xsd:classifyMap.xsd" uri="classifyMap.xsd" xml:base="subjectScheme/xsd/"/>
     <uri name="urn:oasis:names:tc:dita:spec:classification:xsd:classifyMap.xsd:1.x" uri="classifyMap.xsd" xml:base="subjectScheme/xsd/"/>
     <uri name="urn:oasis:names:tc:dita:spec:classification:xsd:classifyMap.xsd:1.2" uri="classifyMap.xsd" xml:base="subjectScheme/xsd/"/>
    
     <uri name="classifyDomain.xsd" uri="classifyDomain.xsd" xml:base="subjectScheme/xsd/"/>
     <uri name="urn:oasis:names:tc:dita:spec:classification:xsd:classifyDomain.xsd" uri="classifyDomain.xsd" xml:base="subjectScheme/xsd/"/>
     <uri name="urn:oasis:names:tc:dita:spec:classification:xsd:classifyDomain.xsd:1.x" uri="classifyDomain.xsd" xml:base="subjectScheme/xsd/"/>
     <uri name="urn:oasis:names:tc:dita:spec:classification:xsd:classifyDomain.xsd:1.2" uri="classifyDomain.xsd" xml:base="subjectScheme/xsd/"/>

  <!-- Modules and document types from the OASIS DITA Machine Industry Subcommittee -->
    
    <system systemId="machineryTask.xsd" uri="machineryTask.xsd" xml:base="machineryIndustry/xsd/"/>
    <system systemId="urn:oasis:names:tc:dita:spec:machinery:xsd:machineryTask.xsd" uri="machineryTask.xsd" xml:base="machineryIndustry/xsd/"/>
    <system systemId="urn:oasis:names:tc:dita:spec:machinery:xsd:machineryTask.xsd:1.x" uri="machineryTask.xsd" xml:base="machineryIndustry/xsd/"/>
    <system systemId="urn:oasis:names:tc:dita:spec:machinery:xsd:machineryTask.xsd:1.2" uri="machineryTask.xsd" xml:base="machineryIndustry/xsd/"/>
    
    <system systemId="machineryTaskbodyConstraintMod.xsd" uri="machineryTaskbodyConstraintMod.xsd" xml:base="machineryIndustry/xsd/"/>
    <system systemId="urn:oasis:names:tc:dita:spec:machinery:xsd:machineryTaskbodyConstraintMod.xsd" uri="machineryTaskbodyConstraintMod.xsd" xml:base="machineryIndustry/xsd/"/>
    <system systemId="urn:oasis:names:tc:dita:spec:machinery:xsd:machineryTaskbodyConstraintMod.xsd:1.x" uri="machineryTaskbodyConstraintMod.xsd" xml:base="machineryIndustry/xsd/"/>
    <system systemId="urn:oasis:names:tc:dita:spec:machinery:xsd:machineryTaskbodyConstraintMod.xsd:1.2" uri="machineryTaskbodyConstraintMod.xsd" xml:base="machineryIndustry/xsd/"/>
    
    <system systemId="machineryTaskbodyConstraintIntMod.xsd" uri="machineryTaskbodyConstraintIntMod.xsd" xml:base="machineryIndustry/xsd/"/>
    <system systemId="urn:oasis:names:tc:dita:spec:machinery:xsd:machineryTaskbodyConstraintIntMod.xsd" uri="machineryTaskbodyConstraintIntMod.xsd" xml:base="machineryIndustry/xsd/"/>
    <system systemId="urn:oasis:names:tc:dita:spec:machinery:xsd:machineryTaskbodyConstraintIntMod.xsd:1.x" uri="machineryTaskbodyConstraintIntMod.xsd" xml:base="machineryIndustry/xsd/"/>
    <system systemId="urn:oasis:names:tc:dita:spec:machinery:xsd:machineryTaskbodyConstraintIntMod.xsd:1.2" uri="machineryTaskbodyConstraintIntMod.xsd" xml:base="machineryIndustry/xsd/"/>

    <uri name="machineryTask.xsd" uri="machineryTask.xsd" xml:base="machineryIndustry/xsd/"/>
    <uri name="urn:oasis:names:tc:dita:spec:machinery:xsd:machineryTask.xsd" uri="machineryTask.xsd" xml:base="machineryIndustry/xsd/"/>
    <uri name="urn:oasis:names:tc:dita:spec:machinery:xsd:machineryTask.xsd:1.x" uri="machineryTask.xsd" xml:base="machineryIndustry/xsd/"/>
    <uri name="urn:oasis:names:tc:dita:spec:machinery:xsd:machineryTask.xsd:1.2" uri="machineryTask.xsd" xml:base="machineryIndustry/xsd/"/>
    
    <uri name="machineryTaskbodyConstraintMod.xsd" uri="machineryTaskbodyConstraintMod.xsd" xml:base="machineryIndustry/xsd/"/>
    <uri name="urn:oasis:names:tc:dita:spec:machinery:xsd:machineryTaskbodyConstraintMod.xsd" uri="machineryTaskbodyConstraintMod.xsd" xml:base="machineryIndustry/xsd/"/>
    <uri name="urn:oasis:names:tc:dita:spec:machinery:xsd:machineryTaskbodyConstraintMod.xsd:1.x" uri="machineryTaskbodyConstraintMod.xsd" xml:base="machineryIndustry/xsd/"/>
    <uri name="urn:oasis:names:tc:dita:spec:machinery:xsd:machineryTaskbodyConstraintMod.xsd:1.2" uri="machineryTaskbodyConstraintMod.xsd" xml:base="machineryIndustry/xsd/"/>
    
      <uri name="machineryTaskbodyConstraintIntMod.xsd" uri="machineryTaskbodyConstraintIntMod.xsd" xml:base="machineryIndustry/xsd/"/>
    <uri name="urn:oasis:names:tc:dita:spec:machinery:xsd:machineryTaskbodyConstraintIntMod.xsd" uri="machineryTaskbodyConstraintIntMod.xsd" xml:base="machineryIndustry/xsd/"/>
    <uri name="urn:oasis:names:tc:dita:spec:machinery:xsd:machineryTaskbodyConstraintIntMod.xsd:1.x" uri="machineryTaskbodyConstraintIntMod.xsd" xml:base="machineryIndustry/xsd/"/>
    <uri name="urn:oasis:names:tc:dita:spec:machinery:xsd:machineryTaskbodyConstraintIntMod.xsd:1.2" uri="machineryTaskbodyConstraintIntMod.xsd" xml:base="machineryIndustry/xsd/"/>

  <!-- DITAVal package for conditional processing -->
    
      <system systemId="ditaval.xsd" uri="ditaval.xsd" xml:base="ditaval/xsd/"/>
      <system systemId="urn:oasis:names:tc:dita:xsd:ditaval.xsd" uri="ditaval.xsd" xml:base="ditaval/xsd/"/>
      <system systemId="urn:oasis:names:tc:dita:xsd:ditaval.xsd:1.x" uri="ditaval.xsd" xml:base="ditaval/xsd/"/>
      <system systemId="urn:oasis:names:tc:dita:xsd:ditaval.xsd:1.2" uri="ditaval.xsd" xml:base="ditaval/xsd/"/>
    
      <uri name="ditaval.xsd" uri="ditaval.xsd" xml:base="ditaval/xsd/"/>
      <uri name="urn:oasis:names:tc:dita:xsd:ditaval.xsd" uri="ditaval.xsd" xml:base="ditaval/xsd/"/>
      <uri name="urn:oasis:names:tc:dita:xsd:ditaval.xsd:1.x" uri="ditaval.xsd" xml:base="ditaval/xsd/"/>
      <uri name="urn:oasis:names:tc:dita:xsd:ditaval.xsd:1.2" uri="ditaval.xsd" xml:base="ditaval/xsd/"/>
  </catalog>